Batch_ID,Granulation_Time,Binder_Amount,Drying_Temp,Drying_Time,Compression_Force,Machine_Speed,Lubricant_Conc,Moisture_Content,Tablet_Weight,Hardness,Friability,Disintegration_Time,Dissolution_Rate,Content_Uniformity,Reg_Pass,Preparation_energy_kWh,Preparation_peak_power,Preparation_power_variance,Preparation_vibration_mean,Preparation_vibration_max,Preparation_duration_minutes,Granulation_energy_kWh,Granulation_peak_power,Granulation_power_variance,Granulation_vibration_mean,Granulation_vibration_max,Granulation_duration_minutes,Drying_energy_kWh,Drying_peak_power,Drying_power_variance,Drying_vibration_mean,Drying_vibration_max,Drying_duration_minutes,Milling_energy_kWh,Milling_peak_power,Milling_power_variance,Milling_vibration_mean,Milling_vibration_max,Milling_duration_minutes,Blending_energy_kWh,Blending_peak_power,Blending_power_variance,Blending_vibration_mean,Blending_vibration_max,Blending_duration_minutes,Compression_energy_kWh,Compression_peak_power,Compression_power_variance,Compression_vibration_mean,Compression_vibration_max,Compression_duration_minutes,Coating_energy_kWh,Coating_peak_power,Coating_power_variance,Coating_vibration_mean,Coating_vibration_max,Coating_duration_minutes,Quality_Testing_energy_kWh,Quality_Testing_peak_power,Quality_Testing_power_variance,Quality_Testing_vibration_mean,Quality_Testing_vibration_max,Quality_Testing_duration_minutes,total_energy_kWh,total_duration_minutes,total_CO2e_kg
T001,15,8.5,60,25,12.5,150,1.0,2.1,199.8,95,0.65,8.2,89.3,98.7,True,0.9108510621740414,3.443070479604197,0.5665922661208792,0.09423979406878086,0.1958926273003971,25,3.7794714179038325,17.21166104002145,1.0361507987406304,2.5388198650240557,2.870099552228886,15,10.086059701631696,28.84186291397198,3.08007740558145,1.8245482787530969,2.329724391734327,25,9.003122005624743,47.11477033877309,5.238757602658688,8.065572247606259,9.794026100629145,15,4.592645668044467,17.0102293520942,2.1482100610286166,3.1723678032018174,4.392718987448547,22,38.69304260958107,66.06729503026247,6.554493737319416,5.344173460378444,6.690466870751782,52,6.729644611600791,28.62614913519671,3.635753182122512,2.0566387170233074,2.467922489709259,20,2.9431052358524163,6.336748486885407,0.9082533104551421,0.48984072407957396,0.6997258109958131,37,76.73794231241305,211,55.2513184649374
T002,12,7.0,65,20,15.0,120,0.8,2.8,201.3,110,0.45,12.1,87.9,101.2,True,0.78644161088326,2.861615930150037,0.46728550215086734,0.11624417297860928,0.2228560211884021,25,2.768222854772403,16.25849085909223,1.4265928120277966,2.5504953285123566,3.204106985196203,12,8.331822155037365,27.94108610092219,1.6707980283795973,1.8139010817253785,2.045039890196101,20,8.100324027764767,46.64510352500616,7.111100003025257,8.313029596118243,9.810441483569315,14,4.310512981683062,16.77613220710602,2.4580663380571734,2.9647581472974194,3.587857854979513,22,46.8179110909315,55.69533837674879,4.767551921682459,5.5463990366278395,7.106895027717236,63,13.230642777856836,25.4738909958277,2.5314315913020256,1.9711813001831386,2.521668926212886,39,3.7901508124710688,6.76139772703895,1.1021008008699498,0.4917183376362149,0.6892283933273307,48,88.13602831140025,243,63.45794038420818
T003,18,9.2,55,30,10.8,180,1.2,1.9,198.5,85,0.78,6.8,91.5,97.3,True,0.6186895504078979,2.993447642279293,0.5280501452136463,0.08727909357242547,0.2374372144162509,18,4.538373987371809,21.52868499577526,2.631089534449932,2.477928883388457,3.294177864474546,18,12.799495402391704,33.21535908861957,3.5626822747376634,1.785843722104874,2.220551803647577,30,9.052582477013054,44.52298030957723,4.570955134237645,8.026090757196684,9.60658748050544,15,4.738424766645487,17.63958386166095,2.035743346188505,2.917485480685959,3.592892915136269,23,51.83317521650109,59.80284121406839,6.413225768550231,5.572231582977234,7.564145537996996,69,12.669132569433721,25.44660767128952,3.347587688914954,2.0275264978359635,2.542926059052243,38,4.062265276111925,6.718869781105406,0.7548700830283482,0.48183456604479563,0.674128847901585,47,100.3121392458767,258,72.22474025703121
T004,20,10.0,58,35,8.5,200,1.5,1.5,203.2,72,0.95,5.5,93.8,95.9,True,0.6491104957527949,2.916674699246098,0.5155685970778856,0.07824076820470931,0.2221605912534067,20,4.700830751968108,21.21717805490876,2.644405792132387,2.5432663295139255,3.026988583572701,20,14.474747189178364,29.68399098461739,2.276566783043154,1.7863653531394923,2.274013611292288,35,5.529658712644226,40.92958648841192,4.59189273398308,8.164207340721887,9.715948077107466,10,3.5539670609859053,16.34869034092269,2.328613521230901,3.0301566800213844,3.983756857440549,19,39.72783370852257,56.2957512870267,6.208432949069234,5.445112652286759,6.888985540663259,53,10.115590036239457,26.51342728080497,2.8645580250735114,2.0890105118492768,2.701918565277299,30,3.6309865453192742,6.624041863985868,0.8843893309710483,0.47976918399815754,0.6309374198150111,45,82.38272450061069,232,59.3155616404397
T005,10,6.5,70,18,16.2,100,0.6,3.2,202.7,125,0.38,14.8,85.1,103.5,True,0.7795423313932727,3.303806934007056,0.49410404153038273,0.10631836114510214,0.184680303137306,21,2.467619339510474,17.67941071431256,1.6429330103284314,2.504780816423221,3.121832360803077,10,7.673021018086423,31.06711693993432,2.753243096344143,1.85259264428678,2.205805561693748,18,6.760106598096011,43.29193450569726,4.345978443976629,8.320112326502944,10.23270981092188,12,3.0333570969153105,15.59313045504062,1.9348246179643835,3.082402449161255,3.843112196506218,15,64.43343803390209,58.3618202123696,6.2320494152292945,5.305380964621051,7.163640356952518,86,14.00254754440563,27.64007090827002,3.283157800716503,1.9633539956793076,2.788465711258436,40,3.6932400463834996,7.162433092572797,0.9955082652040401,0.4845697134226842,0.7863857986970473,45,102.84287200869271,247,74.04686784625875
T006,16,8.8,62,28,11.8,160,1.1,2.3,200.1,92,0.72,7.9,88.7,99.1,True,0.818568984999127,3.08598041146869,0.5799336144391782,0.09904142250868724,0.2108628218668363,24,3.926438896720767,19.15446741282234,2.2878262051045106,2.56784971832609,3.149450541248289,16,11.716351297129371,32.013543260925,2.6531789504996444,1.7757104223231432,2.259549327699119,28,7.603454749184199,41.71243288064164,5.198337047766145,8.033056644169701,9.309200972390542,13,2.8783518824645626,14.69718595761709,1.8079977141982577,3.067391840869557,4.28129001132449,15,42.84158619579761,59.45590946364415,5.929412899439306,5.7385992139734725,7.367182190282919,57,11.51022464622424,26.70764335635154,3.2032056348250677,2.011952116289793,3.034024500316972,36,4.498895534444607,7.373550907540361,0.9682186100169925,0.5239513831389087,0.7404450372538173,52,85.79387218696448,241,61.77158797461442
T007,14,7.5,67,22,13.5,140,0.9,2.6,198.9,102,0.58,10.3,86.4,100.8,True,0.5410497273004142,2.844786254662985,0.4984451229208144,0.10634775721420738,0.1875635915582161,17,3.5135240146877846,19.95070059303334,2.0318349889927765,2.511797125509952,3.332748665138037,14,8.755933963486925,29.21331357984733,2.994532933625686,1.8990060212507713,2.211016699681159,22,10.089887101815886,43.91702777052478,5.093098852770049,8.126213802585834,9.443567464781578,18,3.582195375263556,16.82835133252217,1.8605845090921151,2.972814304691981,3.577465252337426,17,39.078667408659875,55.81905168534993,5.960855193853539,5.468231347713682,7.277512074864159,53,10.669875029903,24.75485353903085,2.4840700422588755,1.9925679031851102,2.552459057185654,31,4.787632676362822,6.704666352052555,0.9056101779194208,0.5128057831464652,0.7885647452733109,59,81.01876529748026,231,58.33351101418578
T008,22,11.0,52,38,7.2,220,1.8,1.2,205.1,65,1.15,4.2,95.7,94.2,False,0.5987353147971369,3.368109737051215,0.6293385313785665,0.09829350386550913,0.2064014098497392,17,5.480269125935474,20.09234199461439,2.080736880334921,2.631093240319671,3.224160130435021,22,15.202337293496369,33.54681574523774,3.6408291237469217,1.743039240814294,2.11264135531431,38,7.08639229485002,44.62390195667221,4.45678088096061,8.00120015441226,9.95915687030524,12,3.7057940379120624,15.28258698606069,1.8192682225057863,2.9411438075106755,3.659855221428298,20,54.021888810405116,58.68116914316758,6.294439617049717,5.480234162730002,6.756567339148416,73,11.213657692951884,25.223229189077,2.4442036824556044,2.0143182287300836,2.818195408622602,35,2.9948036921928605,7.932528468887577,0.9928279855073959,0.5299427989169304,0.7299123409054447,35,100.30387826254093,252,72.21879234902947
T009,13,7.8,63,24,14.2,130,0.7,2.4,201.8,108,0.52,9.6,88.9,102.1,True,0.6700211001224246,2.606920744473832,0.4335573315369053,0.09986787179831329,0.149072249558001,21,3.3531687682450366,18.28123255566529,1.6476151242242212,2.4748059598216625,3.017535313274811,13,9.914402473059308,30.82502328974889,3.2242763744954694,1.8015468803089487,2.123369877238295,24,7.635278532670581,43.0270516917607,3.5271279943999407,7.912315966602264,9.989837476230283,12,3.217104612607023,15.84441990640863,2.2169556001196713,3.108737224725499,3.540287188861726,16,61.74203299943893,70.58799871009025,6.166021506929027,5.502519150762952,8.028481976926694,84,8.820421236633038,26.6723473363361,3.5303536999771175,2.0023132342706584,2.521412018913498,28,3.2746747852042852,7.389604332533127,1.005569058834219,0.5224283637684641,0.7258557851695534,40,98.62710450798062,238,71.01151524574604
T010,17,9.5,59,32,9.8,170,1.4,1.8,197.6,78,0.88,6.1,92.3,96.8,True,0.7756368208970212,3.002154588003892,0.506309405752696,0.09532014917786237,0.1892380558380329,22,4.2407373274432,19.03496964214504,2.1948110931653457,2.472930505769402,3.431585842344562,17,12.909711631953922,30.0241219878445,3.047850560269917,1.7769769363613697,2.195390445097904,32,6.6196162923739585,41.55444024608207,3.79062848583692,8.070453322621951,10.27234418602537,11,4.13837275551428,18.05518251104128,2.3395332187301863,2.983725980895965,3.61023662624037,20,35.68184263402223,57.66620600139672,5.822469323881651,5.659607690723774,6.943511087339931,47,8.334991700574308,25.35279308111728,2.4217443096190077,2.0342724854727483,2.74682528583454,25,4.723230346894973,6.972031372831553,1.0883219592627777,0.5157998897102348,0.7060577353173088,58,77.42413950967389,232,55.7453804469652
T011,11,6.8,68,19,15.8,110,0.5,3.0,203.5,118,0.42,13.2,84.7,104.2,True,0.6150194031256693,2.618191393101664,0.37813032234814464,0.11209453257703283,0.1750884172208505,17,2.8168737863168882,18.36665661646244,1.85436656338803,2.4056051077054663,2.987483603356015,11,8.016269514547403,29.48087122513504,1.685962882228255,1.7861128071247918,2.223545597143861,19,7.750292965177418,41.72288448410984,3.9558766404150014,8.061034939550487,10.51742922389495,13,5.063891890796771,15.61302940689139,1.7173547345001763,2.975452571610282,3.809400542453649,25,42.99637700370857,55.97604081211801,6.089316885339759,5.484940681448808,7.756481615541394,57,11.885643028150836,29.13175214755101,4.039176145396417,2.0231771018248166,2.714606034822307,36,3.4708870280862736,7.905625288012141,1.251073192547991,0.48207693632551857,0.627230647900267,42,82.61525461990982,220,59.48298332633507
T012,19,10.2,56,34,8.9,190,1.6,1.6,199.2,81,0.82,5.8,94.1,95.5,True,0.4582573891064169,2.492588098426666,0.39886873832538233,0.10717392043974634,0.1669574313394585,15,4.822378521372461,17.72293485223377,1.2449710846296307,2.4142614626160146,2.954746465124108,19,14.01065101150197,30.77993428517759,2.7398382482690637,1.7729018159542567,2.192207616878429,34,11.490328204037466,44.35530271986333,4.050115276251065,8.043320432418293,10.25922168330218,20,3.835298897728367,15.2593466448231,2.141705860149375,2.999898684750445,3.714728776681797,19,59.76395932101653,60.60580698911032,5.942236468825919,5.428249295121705,7.511252888770088,80,7.645070989124701,26.65395304605118,3.2340213281391965,2.0112351905278594,2.560005128440177,24,4.359404214254029,7.322330082715842,0.877713885921066,0.4859682830909436,0.6751204012409354,56,106.38534854814195,267,76.5974509546622
T013,15,8.2,61,26,12.8,155,1.0,2.2,200.6,96,0.68,8.5,89.8,98.3,True,0.9003619255053892,3.157563061860498,0.3637460337047106,0.08288761124578779,0.2226993040072441,24,3.8260671001785735,18.05924787501795,1.7917512671114322,2.4986453429346,2.797150166244337,15,10.72780615336571,31.92972043610683,3.37336928676884,1.7262014351163788,2.135669799514227,26,9.063334845996803,38.92016325513814,2.8347899561052974,8.128211790167544,10.06864690072089,16,4.040047803361924,13.73117147229085,1.9531231730775624,2.9243300673157777,3.669162190189713,22,53.344392282022085,58.92442430187218,5.658309599281286,5.464525011431165,6.855468471471208,71,7.487575318791419,25.31140606866747,2.8777923040551907,2.0220941969113593,2.462330604804596,23,2.7493110298813797,7.09273308244601,0.8777660421220139,0.4815207808104527,0.7028584110901713,32,92.13889645910328,229,66.34000545055436
T014,23,11.5,50,40,6.5,240,2.0,1.0,206.8,58,1.28,3.9,97.2,93.1,False,0.6238662326193092,3.325346343030699,0.5675747241118236,0.0969427022229155,0.1812582743168965,19,5.835855052277518,18.27098933577327,1.6435331878353074,2.512822604422955,3.109511307083321,23,17.13400714343811,33.34308424723829,3.573412402342875,1.739307487663438,2.217488467177925,40,7.541503906651212,40.75947916618822,5.336856524539531,8.122802566281669,9.628090770942515,13,3.9902085846214064,15.30486153914082,1.6504653711681396,3.03317746896558,3.82751547530543,20,67.66563918513265,59.0693874978938,6.656356014722405,5.381547955078589,7.413157219435726,90,10.786097185897404,26.30159990189136,3.08694213855426,2.057909285873895,2.570224141352548,33,3.9725135675614855,7.818642068055535,1.0593021974089856,0.5112830769827932,0.8228304863503134,47,117.5496908581991,285,84.63577741790334
T015,12,7.2,66,21,14.8,125,0.8,2.7,202.1,112,0.48,11.5,87.2,101.9,True,0.48932377467012056,2.83993519646409,0.48887177853250857,0.09323953263527983,0.2194017761023251,15,2.955095686286152,19.19590333040382,2.5512370160667137,2.412633970757384,3.165412558872778,12,8.980894195102872,29.75205917286451,2.6826161653130662,1.8266864218362013,2.178947552447758,21,10.127680084427112,46.0154945789884,5.4599684433986075,7.890170014358581,10.3861425545811,17,4.116723320990447,15.67052189869105,2.0043017024786076,2.943353290808295,4.024090553492133,22,36.12401838464004,57.47330866988472,5.827701062810411,5.550452013915479,7.086184919478291,48,9.989665662242613,26.6941099631773,2.5562823303171784,1.8883981943123735,2.532646192225024,30,5.057038708355469,7.377918349900673,1.019648022814939,0.5106020690087674,0.6838793903772993,59,77.84043981671482,224,56.045116668034666
T016,18,9.8,57,33,10.2,175,1.3,1.7,198.8,83,0.85,6.4,90.6,97.7,True,0.5411033711356655,2.92824263488344,0.48865479609160795,0.09106584239603462,0.1877813474586087,17,4.608526106309328,19.56419543800419,2.28607070072913,2.529146171145419,3.179356021169191,18,13.247887976640616,30.45223025895593,3.4470866697133875,1.7821274101401237,2.135689310799674,33,8.158714494073303,43.48048752301617,5.103319778880413,7.905445674857357,9.21432611438734,14,4.3750703160420885,15.18030843235631,1.6074455362268734,2.9849458314590716,3.526133982144778,22,65.06617074909946,68.36016622170995,6.44504906313567,5.487370159126041,7.421341407799558,87,6.582149850535856,24.94813243206647,2.9784376480413632,1.9890485497904185,2.742478848313079,20,3.81422556855986,7.573159627695624,1.1087995765602257,0.5094598357207688,0.7568383718752141,44,106.39384843239617,255,76.60357087132523
T017,14,8.0,64,23,13.8,145,0.9,2.5,199.5,105,0.55,9.8,86.8,100.4,True,0.8385521149715753,3.034965395392913,0.5444335507518138,0.0824520532320657,0.2219901634579536,24,3.6356269253658495,18.86774609629229,1.9283587769354509,2.6170255296501734,3.339557666323695,14,9.613198078858899,31.68515497142425,2.226289779620629,1.8066323189870266,2.236808598457923,23,8.054473267167369,38.12076562937828,2.370100978940795,7.702949160600722,10.09375653356986,14,3.161610790725189,15.10730618676458,2.3488660457569037,3.1210225990670395,3.582829008392162,16,36.46687185197822,57.38167141506993,5.46114408425427,5.382952857422435,6.936020519874683,49,12.563666508804625,24.86507896032794,2.9519760755560265,2.045305779321001,2.75457973961972,38,3.4626410702583104,7.364460391695516,1.1501469482869968,0.4758643329826256,0.6515456392494579,43,77.79664060813005,221,56.013581237853636
T018,21,10.8,53,37,7.8,210,1.7,1.3,204.3,68,1.08,4.6,96.4,94.8,False,0.6119595203692826,3.359375701460339,0.6587538890513686,0.10220819550588361,0.1924356785951696,18,5.251721224952395,20.06034833162959,1.940866809581938,2.5827754606453905,3.203042288973169,21,15.111582320440139,29.6032268890206,2.8433916856511816,1.8246334275589815,2.183656742573898,37,10.395995261829867,42.90003173880693,4.941468993564721,8.0028590343347,8.999858856006256,18,4.604896937650671,18.14116967784499,2.740588377313481,3.086724901348288,3.633023738204686,22,54.36787474330514,62.41443833943723,5.924853271774535,5.490980777541472,7.473619363164067,73,8.192133769713886,25.14177859464127,2.9036574694624786,2.064208686318609,2.867292158664302,26,3.2549205958245455,7.603610877436626,0.9679477213272931,0.4857919992984487,0.6737492474822303,37,101.79108437408593,252,73.28958074934187
T019,16,8.6,62,27,12.2,165,1.1,2.0,200.9,89,0.75,7.6,91.1,98.9,True,0.6505562641898814,2.665407483351002,0.3633765485875663,0.10386577818560562,0.220020411571237,18,3.99710218012203,18.92086087367188,2.8300183792983984,2.4697976686439826,3.128171046145481,16,11.229755423512827,29.88274077938894,2.8625014803084445,1.8536023864184832,2.281938248431318,27,8.52091012281144,45.82738311567631,4.289216758706754,8.423355039813863,10.18941777503969,15,3.208237575187093,15.53493285642162,2.0821118567430017,3.016023458670486,3.52197141361297,16,56.42662155383475,55.38460388692859,5.79064163727737,5.454185560820918,7.36410906264582,76,11.164040914650247,27.83630343479878,3.390893027696554,2.0023822566135907,2.574156765191355,33,4.105274688791494,6.823526721351433,1.0120058568576977,0.5127082064022384,0.7665917745400845,52,99.30249872309976,253,71.49779908063182
T020,9,6.0,72,16,17.5,95,0.4,3.5,204.2,132,0.32,16.2,82.3,105.8,False,0.5618918475864731,3.526327550748664,0.6668046857203662,0.11188699363135578,0.2199265457265901,16,2.361294808305416,20.16917881725314,2.6766197625697687,2.5578334073888986,2.988345900745142,9,6.663592464779922,30.9545618448203,3.2728842238344655,1.7237951065285209,2.015816905884802,16,9.120456292413664,41.90319983516107,5.176202829934201,8.292244058094234,10.50326280268388,17,4.622326266821295,17.84109340076482,2.2810749638692034,2.95804550367143,3.733002493076665,22,62.22837120838463,58.4826822610236,5.725465030405266,5.469650293291014,7.22884168910397,83,9.120508998822478,25.15388400956291,2.8145447357658324,1.940347615398213,2.422230070078502,28,2.4481334910055987,7.263885016490583,0.9554281615333478,0.5135041463779665,0.7243070539098533,31,97.12657537811945,222,69.931134272246
T021,17,9.1,58,29,11.5,185,1.2,1.9,197.8,86,0.79,6.7,92.8,96.4,True,0.683032278539797,2.962642615738207,0.5253058777919417,0.10301840183679818,0.2297641086416447,20,4.20177012951501,19.54555479650703,2.1192148838259826,2.4731777436559783,3.054803457804377,17,11.991309354372033,30.29308851359564,2.955474958708693,1.7926312490021747,2.084530179419578,29,9.313761295314281,42.00246554777679,5.050954899713666,8.169330358709637,10.01617227011468,16,4.629509578953707,15.85149917708816,2.2841053839986794,2.8953896705716273,3.750854521841357,23,64.93198506060395,60.19860443506786,5.896303746781646,5.313013129318074,7.492934313754617,84,9.691676295258466,25.87256633882723,2.9631675456170554,2.008436415138901,2.510781307206864,30,2.8975121391651264,6.827940898737493,0.957030033481255,0.5378186779620289,0.7609996009518443,36,108.34055613172237,255,78.0052004148401
T022,13,7.6,65,24,14.5,135,0.7,2.6,201.4,109,0.51,10.1,88.1,102.6,True,0.8371881081681185,3.668662198038286,0.5217943899879482,0.10454163917096503,0.2078604545873358,23,3.293952378278255,18.46622369701758,1.4561095131916437,2.521373492328643,3.061147292416766,13,9.925862005877107,29.75650290445951,2.8713672425011803,1.8102917512794485,2.280768379117366,24,8.338868201537103,45.68739362488121,6.034238057253958,8.232616754661125,9.225036755461058,14,4.146861623563866,15.82557550177905,1.7937870934454885,2.907906542289184,3.596033639886639,21,56.65555591190322,55.66142413873373,5.051923111674281,5.569800890529375,6.89916376123945,75,12.737409789488185,22.89800700067077,2.1471364871469563,1.9615431160873096,2.649299206257925,39,3.1043586064169446,7.177053505896737,1.1466340122868706,0.4953337488236353,0.7720689028139359,39,99.04005662523281,248,71.30884077016762
T023,20,10.5,54,36,8.2,205,1.6,1.4,203.7,74,0.92,5.2,94.9,95.1,True,0.7040463331984598,3.348252967021018,0.5952581555446115,0.09844471571725186,0.1835960916229809,20,5.065689245281156,19.45086025643474,1.8830892123546172,2.661392111121165,3.165492637682822,20,15.323885635155502,33.59416258719715,3.401083394340065,1.7423398408417152,2.275352541418004,36,8.654087211831163,40.68593709893835,4.736641140443854,7.851878227365891,9.70324997911328,15,4.055255101246732,15.62044970878353,2.1761574611388266,2.8034343230671195,3.329317244256331,20,36.762661641912956,57.84774982143578,6.581291604114589,5.603232985037005,6.954627265688649,49,6.878749944528685,25.0413531766277,2.8105798275672655,2.0774876311884385,2.798039458438351,22,2.8830954675600933,6.827908542911256,0.8959078565108209,0.4952499879824439,0.8216809149301082,35,80.32747058071473,217,57.835778818114605
T024,15,8.4,61,25,13.1,150,1.0,2.1,200.3,98,0.62,8.8,89.5,98.5,True,0.859758376111655,3.248518039951368,0.5556892498117495,0.10191298036842684,0.2264172515133066,25,3.3921464370309997,16.80435023815457,2.2274100267420582,2.6209385958821914,2.980630097513919,15,10.361068249760882,29.6928001718429,2.892942098168199,1.7907093658978144,2.310134998100569,25,6.45268968281791,43.52296147029146,5.439151116840709,8.003869503555709,8.618622988072904,11,4.032463697946072,15.02014790221668,1.3262433051305524,3.057106937033178,3.605418806909808,20,40.58752174043542,57.17133168892914,5.738304664304105,5.421333193586389,6.959329491302616,55,6.829665904558556,23.49260478555299,2.8731545490959114,1.9395836818568637,2.363826589575067,21,3.353737995537161,6.931392937649884,0.9284613181109882,0.4711420583503857,0.7874518394056483,40,75.86905208419866,212,54.62571750062303
T025,24,12.0,48,42,6.0,250,2.2,0.8,208.1,52,1.42,3.5,98.6,92.4,False,0.5732923057388378,2.563860695782526,0.4633545350675631,0.11103211711619781,0.1660424650746132,18,6.369864482618757,20.35722297858246,2.1061112631070196,2.4535119713065447,3.031444639038449,24,17.810509876916466,32.46082539154375,3.509318647383477,1.7932218028832982,2.14721165157024,42,7.0493078594430285,42.65297185051703,5.833142279423345,8.593838428112505,10.8256552456528,12,3.937637339189277,14.37958530286492,1.731987195776641,3.051957343628416,3.613853199222226,21,37.962643129058826,60.15522652592813,6.76936593122293,5.410983345934427,6.836766764678597,50,12.448773044941952,25.90119223584377,3.084220097655583,2.051268851651272,2.510860685005597,36,3.1751012318773832,7.392368735113809,0.9432410953353497,0.4947278975456606,0.6982131535209425,38,89.32712926978452,241,64.31553307424485
T026,11,6.9,69,20,16.0,115,0.6,2.9,202.8,121,0.39,12.8,85.9,103.7,True,0.5703559776505285,2.576506563073865,0.37271365965295644,0.1092495077683667,0.1873895566502234,17,2.757174159424425,18.0192576141375,1.402968909245751,2.6861442970027523,3.097211161038437,11,8.303956085847169,30.95307774680407,2.9159956981241324,1.8215207969557077,2.124621829054035,20,7.142381941521283,40.86348635102931,4.3935434675944185,8.362824721775551,10.37155680946763,13,4.5865784238379925,17.69670038205428,2.0269466186925422,2.957139601920321,3.754973404297329,23,49.10400821026378,56.93965753556333,6.3361684429796155,5.36618083644808,7.288048797643613,67,8.846344487715948,27.51135341931661,2.969200225060078,1.9870710695638643,2.376101533019622,26,3.5597841181570162,8.144635736752512,1.0120704587449187,0.48961568998805605,0.7209212667606699,40,84.87058340441814,217,61.10682005118106
T027,18,9.4,56,31,10.5,180,1.3,1.8,199.1,80,0.86,6.3,93.2,97.1,True,0.4830644542783591,2.74135317709828,0.5202676187259357,0.10084049212486398,0.1980988015014178,16,4.483418190008603,19.34329398472861,2.4612263095413836,2.556840014945858,2.895835908923075,18,12.58712003094368,30.07318918057015,2.910766099297661,1.8467980584653525,2.164054616633978,31,6.075656057289429,45.12867570639771,4.564090334906635,8.085285487781883,9.28861737511281,10,3.6831843180714294,14.78644171887908,1.4004309365840688,2.9623454709221835,3.544986679596859,18,41.577024623871836,59.55763387602469,5.487678765230204,5.499618176328609,6.962133913321075,56,7.009641697426628,29.06537960993508,4.0905411070395195,1.974595161729422,2.857041764349211,21,3.2126211381708476,7.942484977189777,1.0897037401177747,0.5099992071792855,0.6850973612058431,40,79.11173051006081,210,56.96044596724378
T028,14,7.9,63,23,14.0,140,0.8,2.4,201.6,106,0.56,9.5,87.6,100.9,True,0.8487830074147101,2.830593846201679,0.44683657592548065,0.09938729266145085,0.2315639666157106,25,3.4038177902246907,16.88307467474645,1.49370412210843,2.647397278211686,3.396787770287367,14,9.744280724689963,30.08159344542397,2.4570814854277803,1.7483662850553003,2.194778884620888,23,6.794905950415648,42.00992539701894,3.0013352536138274,7.699715103300286,9.156260471125442,11,4.403413954046445,16.43231674154732,2.3665418809232674,2.985418279399616,4.49507670389436,22,50.19724218840066,61.39354794245812,6.418362391120112,5.514905132647201,6.87897127940429,67,7.199747403345087,23.01545601151484,1.7067024573546605,2.000422054501156,2.664191215851668,22,3.2918763609667323,7.607923215225737,0.8845735348461666,0.5139119147022168,0.7735323892360393,38,85.88406737950393,222,61.836528513242826
T029,22,11.2,51,39,7.5,225,1.9,1.1,205.9,61,1.21,4.1,96.8,93.6,False,0.8129391181355705,2.663935541490296,0.4612827275658171,0.11468716510297212,0.1979816081418871,25,5.6423092846625496,18.71838412955474,1.7057533133858052,2.441302118830603,2.893182519499484,22,16.412614200316217,30.78583916561259,2.5716310184266757,1.8091612295527222,2.413093048030433,39,6.711478801052338,45.58459694896244,5.94087439017113,7.860354335404488,8.734227956411074,11,4.332767452040818,14.7425006954126,1.5579860865165702,3.1705315080874525,3.776754375436928,22,64.27627326792103,60.71235558903637,6.850995951865268,5.520669482281011,7.209916859096269,87,8.726979261713296,25.62207269472953,2.848241459842954,1.9642327323571744,2.606520766477095,26,3.082931101001962,6.750634818263337,0.8831384907343126,0.48333159889171107,0.6886072394024079,36,109.99829248684377,268,79.1987705905275
T030,16,8.7,60,28,12.0,160,1.1,2.2,200.5,93,0.71,8.1,90.4,98.8,True,0.6427371083059392,2.820322355258522,0.5662128937277692,0.10971960873129945,0.2027262462455889,20,4.0802785658580625,18.79479374716103,1.9199429397369745,2.492307541632525,3.224292258740227,16,10.97608203656871,28.13832310869083,2.566625577050625,1.8547341338781702,2.301377916137695,28,6.886770384750363,39.9839364822148,4.642830894558436,7.448741603422178,8.723469183712966,12,4.321969385085898,15.53921717716118,2.0412756287729175,2.986174820830898,3.412687120859224,23,58.63163837698945,59.3345783023958,5.151583022813676,5.613601473099376,6.936268085326923,77,10.026807386857966,24.21848746456319,2.923214935288548,1.9905940270870002,2.373058216209044,31,4.161973358442652,7.176668773902973,1.050401828330283,0.500327030477434,0.7700201661318331,49,99.72825660285903,256,71.8043447540585
T031,10,6.3,71,17,17.2,105,0.5,3.3,203.9,128,0.35,15.1,83.8,104.9,False,0.7060334563322394,2.728883815794932,0.43686276887221176,0.10400259541581587,0.2204270077362481,22,2.454377922414162,19.65429072422835,2.0638142819129484,2.488198556571063,2.84604916601194,10,7.222577448074354,33.70270231414469,3.3529722223321783,1.718964843456315,2.082213501244465,17,7.174997541858714,43.71983835877811,4.874319201823111,7.943458675145602,9.173219723660235,12,4.203720976234668,15.00465221871164,1.3635113810302408,3.181305539579318,3.913440851933971,20,51.22328258455978,55.70229079030712,6.07720201815008,5.459479439207091,6.80551572022625,69,10.114670182825591,25.50074335755097,2.57955813162092,2.1248035563464116,2.792230134263062,30,4.451669997195614,7.428828533350092,1.0929254611822221,0.5046987416702564,0.6782425386668927,53,87.55133010949513,233,63.03695767883649
T032,19,9.9,55,34,9.1,195,1.5,1.6,198.3,76,0.89,5.9,93.7,96.2,True,0.7258216071450857,2.540508472488875,0.3537397435409716,0.09204176624463144,0.198419417136708,22,4.56382792943741,17.72359911450546,1.7840066621183024,2.3216474991754317,3.004311985021848,19,14.761931595378048,31.28870135482346,2.895162727239986,1.7949780143736307,2.358049700492263,34,10.773480192293695,42.71170288981654,4.840572881445117,8.13944608747439,10.44582102051104,19,4.364066053232512,15.54046375510395,1.9717518464205606,2.9590233828349755,4.101343337979886,22,53.98190057321362,60.27864314776298,6.202784489605304,5.440203529582474,7.116627102404808,72,11.786435870896998,27.21049219812208,3.3113050284636234,2.0273141517193887,2.994578954893678,36,3.059499927162965,6.850627612483914,0.9182641568532793,0.49592398440438895,0.8051701503175459,36,104.01696374876032,260,74.89221389910743
T033,13,7.7,64,22,14.3,138,0.7,2.5,201.9,111,0.49,10.7,87.4,101.8,True,0.6919687212867993,3.337801651072752,0.5551448755395707,0.11804823637555865,0.2563912387840594,21,3.300339033871353,18.3172375780123,2.193933267698265,2.4607068474827254,2.707015665737608,13,9.439658361168307,30.15130036081219,2.6942529090801375,1.7971826065363365,2.0226147181006,22,9.93225738574647,42.1871009008121,5.158519706991729,7.929359702599399,9.297325470037435,18,3.981260605467433,15.67117700851787,2.5192652039697503,3.0798942339455246,3.778751629746509,20,44.63364426237172,58.13973012346489,7.237360769872619,5.5112940418291485,6.987923321211471,61,9.342971852937703,25.5313465123078,3.572092661446975,2.0645288595669102,2.505633363668109,29,4.537288772658897,7.791601797132412,1.0298874608808821,0.5127128942952701,0.6953567866941073,52,85.85938899550868,236,61.818760076766246
T034,21,10.7,52,38,8.0,215,1.7,1.3,204.8,70,1.05,4.8,95.3,94.5,False,0.8363547563261899,3.060505868513596,0.4527900772233873,0.11259820677988806,0.1715472626002651,25,5.321634251567873,20.33190337134619,2.1516115648341563,2.5010549445723353,3.281356099977491,21,15.411827884455422,31.85079058740448,3.1567271466291182,1.7785856765930659,2.313270832000922,38,11.997092391573002,42.68411050781604,3.9454829370573763,7.894812770903291,9.461056665797337,20,4.855131620598826,16.30145233236637,2.2728629874473008,2.9943509840464615,4.495370946857598,24,38.733668472497605,59.1326384385353,6.519665034220625,5.470545049272275,6.981608744620529,52,13.088727801008448,26.36582749766812,3.488171426761588,1.9956891707416524,2.488162052845926,39,3.9037469764167865,7.036583972446877,1.138583543925806,0.4893307150535444,0.6490713753050253,48,94.14818415444415,267,67.78669259119978
T035,15,8.3,62,26,12.6,152,1.0,2.1,200.7,97,0.66,8.4,89.9,98.6,True,0.6584999886302639,3.191840025806492,0.47865154034688756,0.10393900943259334,0.1689902100495131,19,3.84391087466767,19.40008461383962,2.697702179575674,2.531395570046169,2.886585027412574,15,10.703495043501462,32.65003001963443,3.417015231839325,1.8292156849390817,2.4049021265892,26,9.695259786980266,42.36069484776488,5.135216744114491,7.96757756504223,9.002102735513644,17,4.847339862084862,15.47648283882301,1.6711001314670584,2.9941800321276273,3.670572468218158,23,66.14351116057466,57.118186642872,6.36660931093363,5.543081266801627,7.503815900369735,89,7.854873204228589,27.04593671616746,3.659810328065354,2.087460815586628,2.695654672051522,24,2.816846939008473,6.778298682126419,0.968224736930089,0.5048100910902998,0.7233571784002459,35,106.56373685967624,248,76.7258905389669
T036,25,12.5,46,44,5.5,260,2.4,0.6,209.5,48,1.58,3.2,99.1,91.8,False,0.4934320882303173,2.631038303931959,0.40884314304461716,0.10111434533026949,0.1434758992048377,16,5.980526372352251,18.27718110664112,1.8054260849558448,2.4920303710689704,3.191366081272668,25,18.106264261922615,29.59114590846433,2.532233202061335,1.8557511821049915,2.370500444077548,44,11.171467412365544,45.62710866302427,4.2335129682135975,8.163830669720724,10.10023048446942,20,4.288107082171252,16.18401424150352,2.1678472261887083,2.8830453529420637,3.475584865347012,21,51.428713087402635,57.53411448030857,6.025318319653596,5.488553459386214,6.856151548523094,69,6.981373747760974,25.45926399540145,3.2900723780541123,1.9998623247842306,2.39289130342136,21,4.758829195965526,7.692932508730335,1.1576888282427593,0.4955728271331951,0.7129683884752636,57,103.20871324817111,273,74.31027353868319
T037,12,7.1,67,19,15.5,120,0.6,2.8,202.4,116,0.44,13.6,86.1,102.3,True,0.876711870645992,3.389601018208196,0.4674464289211862,0.10893369713225995,0.1739018203729152,25,2.9682711475838306,18.19875747222517,2.265859909556439,2.4678063109850172,2.857354524341356,12,8.131871242590462,31.88514275468407,2.7976742279535665,1.862947906911599,2.192445754628924,19,11.46676501000761,41.89360138013308,5.00938780078982,8.120351367536818,9.734315137143126,20,4.415609041972553,15.81519347238167,2.274854254010293,3.0500029116928813,3.895893151729648,22,61.0614623596156,59.98694946677515,5.4160352021691205,5.4675330544354575,6.841306513810798,82,12.184859500804205,25.54224524781586,2.947483476394491,2.0592306208143603,2.728447687330369,36,3.234435445473049,7.106242195125951,1.0951290739425348,0.492591158651979,0.6785689335562427,39,104.3399856186933,255,75.12478964545917
T038,17,9.3,58,30,11.0,178,1.2,1.9,198.9,84,0.81,6.6,91.8,97.4,True,0.6465443463869379,2.710538598711964,0.44396646894904546,0.09040981662968041,0.1654097602656043,20,4.265653895923204,17.81352176954456,1.618293486069442,2.4748723863496034,2.851001687050598,17,12.129160937625983,29.98660186443798,3.321030994627741,1.8422602857755852,2.306033374432804,30,9.066059862491409,48.0892804494347,5.760788168182371,8.176511398041198,9.486994428952162,15,3.449812594247197,14.86124732529028,1.6768111606518692,2.9187032430843063,3.66312058819402,17,33.958961323643294,64.3595478062973,7.666814936614299,5.594882988775364,7.186245258618199,45,6.693210641324795,26.68785954028835,2.99890162420212,1.9685776644389616,2.408691496973149,20,2.870564722527507,7.936407387294528,0.8085788107704337,0.5011587917312319,0.6846139554142343,34,73.07996832417032,198,52.61757719340263
T039,14,8.1,63,24,13.6,143,0.9,2.4,200.2,103,0.59,9.2,88.3,100.1,True,0.5849531400642223,2.687423780889362,0.5224117596080939,0.1213374232950052,0.201045835753956,18,3.4168904631242314,19.01683921683116,2.6681101125445887,2.495389591123214,2.90409806250104,14,10.348845493304665,30.44801877841526,2.6720931792735994,1.9106578820609588,2.222790367990286,24,10.617853800026925,48.87859793526208,5.262482959858196,8.091818645831118,9.521394887122405,18,3.910594294944301,15.85887967400506,2.016123796770755,3.1662682227262273,3.839613498478757,19,59.420153812121974,57.26323804459033,6.161255602976377,5.497756811468513,6.858280503089712,80,9.711940452249559,23.31771477862566,2.0127963445740247,2.1602255714938896,2.786511703307031,30,5.071899244008345,7.371557849883926,1.0370468673982318,0.4890699691454705,0.6859340794366133,59,103.08313069984423,262,74.21985410388784
T040,23,11.8,49,41,6.8,235,2.1,0.9,207.2,55,1.35,3.7,97.8,92.9,False,0.5943345758284233,2.436625438077748,0.4330117910564888,0.10832231996551471,0.1775893503633353,20,5.85416972685179,18.62042717341884,2.025863317707464,2.4824706956852673,2.946474138355539,23,17.506863010015312,33.09258814724264,3.796057901842089,1.8102996187213556,2.18495378877549,41,11.513986303820673,45.3322958597662,5.289407130926946,8.137654639870608,9.592866603789052,19,4.6194237816640245,16.87012577938223,1.7507790337303408,2.927021774049394,3.823202680891967,23,35.120129351713054,55.86435045937813,6.355440898327892,5.482308905626647,6.804035940845687,47,13.797422380620858,27.38821363910039,3.172630478508378,2.0150815912961626,2.624928354628651,40,4.031479557649785,7.187257074243184,1.000165178823151,0.5031396081557099,0.7306670796256249,49,93.03780868816393,262,66.98722225547803
T041,16,8.9,59,29,11.8,168,1.1,2.0,199.6,91,0.73,7.8,90.7,98.2,True,0.7398388660889966,2.7758159264809,0.4052216364147542,0.10002362103083595,0.213400301683649,23,4.048584073640384,18.93276469158618,1.9597314022204495,2.5158300605473447,2.823097892009654,16,12.340081896461973,30.95680906803258,3.2162160798504242,1.8530367102894312,2.280638888510517,29,8.758473766215644,45.56929161453688,5.909431008847164,8.09938805154039,11.30821161711792,15,4.788216663589617,16.02796072487494,2.2509237458899056,2.867526894422077,3.712764288780892,25,58.42391619257957,57.85691742388403,6.249165252236603,5.549503615351722,7.437618337785086,79,9.346463554990812,24.77298483738489,2.9627889654293065,1.988628387627577,2.505092627457142,28,3.6671561027264232,6.941105115541891,1.0165162312613394,0.4856771730843505,0.6771845386398183,44,102.1127311162934,259,73.52116640373124
T042,11,6.6,70,18,16.8,108,0.5,3.1,203.1,124,0.37,14.3,84.5,104.1,True,0.7418220352159075,3.052512389570991,0.36775753136983386,0.11862684907634055,0.215238506548058,20,2.7599899078299286,17.91796347162122,1.7449766760136562,2.412771081236603,2.734132926720157,11,7.342454602060265,31.08381245801361,3.2237335729022374,1.771348204085159,2.107037422815586,18,11.513096927663227,42.05855072008922,3.8068951044523476,7.819209265580966,10.27698454226455,20,3.2173850920301894,17.0257657733306,2.168597127966026,2.956985367008764,3.648616251582543,16,49.19971644295693,61.79867854614741,6.132722170254192,5.648118700325623,7.293072454874484,65,12.345907370545424,28.16778393274431,2.6874185667665698,2.063574758121337,2.658183613870965,36,4.493642000778702,7.046780202452871,0.956014397513494,0.518481350416982,0.7590324067117198,54,91.61401437908057,240,65.962090352938
T043,20,10.3,54,35,8.7,200,1.6,1.5,202.9,77,0.91,5.6,94.5,95.8,True,0.7759391648848154,2.667799635659327,0.4465273492637064,0.10328918805536659,0.1906870148080761,25,4.8800114245827455,17.75910732763028,1.880911202016661,2.516336903754044,3.195104095832763,20,15.25111478742046,32.81117152026794,3.0448948652377026,1.7961979068704177,2.26710822253643,35,10.832912793644363,42.39156052668661,4.91232166077883,8.30115520172762,9.413723613204334,18,3.068936139015116,15.07803071669089,1.4912094639564462,3.023821860149483,3.949376690607193,15,60.5675458923075,60.3876118765043,5.931617895752146,5.540488904680688,7.170604207357415,81,11.387600430052837,25.47922638197628,2.531056213219218,1.9691033678989949,2.444467999467724,36,2.7560831117786124,7.000761802537967,0.7248385997641322,0.5151023906658957,0.7213079547583238,33,109.52014374368645,263,78.85450349545424
T044,15,8.5,61,25,13.0,155,1.0,2.2,200.4,95,0.64,8.6,89.1,98.9,True,0.7399754244345608,2.977677418315167,0.5083411235717461,0.09504510623065943,0.1750981316869139,22,3.977866687994913,20.65130904036281,2.3547106872693497,2.448958866452197,2.941862407518888,15,10.547389256413313,28.4704617855513,2.0830335769097617,1.8167040656853706,2.2886620418198,25,9.603191774810195,50.13937323063159,6.2707433543424935,7.996548247982676,10.78245213195103,16,3.8399044553469417,14.67373161778385,2.2212200576564154,3.081752074512244,3.80146275241407,20,41.34808514562149,58.81101004486355,5.388049206686428,5.474793696614672,7.224663404116792,54,6.924600516688721,24.02126818767596,3.098415083740597,2.0700921115059083,2.579840977119647,22,3.689061625348777,6.78343800335661,0.7966063505308584,0.5047058502859862,0.6859264812250698,45,80.67007488665891,219,58.082453918394414
T045,26,13.0,44,46,5.0,270,2.6,0.4,211.3,44,1.74,2.9,99.8,90.5,False,0.7279483226798023,2.611319703794242,0.36478104975359654,0.09818340428505042,0.205901536277527,22,6.80687853054426,18.94470900359983,2.3802667870343495,2.531610136490852,2.956290139295958,26,19.14859409388984,34.41561839441256,3.2538621839354236,1.7917882224420938,2.277996289369268,46,5.825021664639837,42.08100133804582,4.256292978933902,8.336628600143769,9.34149164862614,10,4.718143027571205,14.95354860971705,2.0057718990229945,3.0692753999068443,3.578871022892553,24,65.95096672482322,56.53959965868717,6.0291904895181645,5.456916393980136,7.15276784732642,90,8.21106320606898,23.62787230459609,2.9058483267053,1.9699295634955751,2.40339129162908,26,3.119009508869487,7.579604912527665,1.0434985251428086,0.5070677438856158,0.69872022140456,36,114.50762507908662,280,82.44549005694236
T046,12,7.3,66,20,15.2,122,0.6,2.7,201.8,114,0.46,12.4,86.8,101.7,True,0.6981290535687346,2.689960590740148,0.4153583903547065,0.10150756563642287,0.2000052576242474,19,3.0717201345101057,19.0471655328037,1.9685426840021503,2.5224435877629685,3.055085748900683,12,8.418186096530457,30.10030617848332,2.9763197366495753,1.815867574396903,2.064643952349276,20,10.379317492795806,42.30743964184933,5.358195779361021,7.780193829444356,9.039505553307263,18,3.046881556801157,14.16790589342979,1.3756041044910357,2.9989816269378027,3.867517609743334,16,39.61721261982089,60.15936922822981,5.6092560588516625,5.57961863700042,6.854214871670979,54,7.791407678230453,25.19762794938893,3.7540130714339766,2.034007918096149,2.62577500738532,24,2.7007197372028178,6.944587780050176,1.0641369531910192,0.49188779091668317,0.6356571605843886,31,75.72357436946042,194,54.520973546011504
T047,18,9.6,57,32,10.3,182,1.3,1.8,199.4,82,0.84,6.2,92.6,96.9,True,0.8848929905707087,3.262854869068541,0.530581766037683,0.09315270312707824,0.2025920133912889,25,4.763391238840575,18.96802551894449,1.5551768553049794,2.6331443224663054,3.220495066122323,18,13.155696224329674,30.29622399196032,3.0103848897856142,1.806068086411272,2.141159179327763,32,7.225867687548644,46.19232639167424,5.0800944795868865,8.150596310038958,9.320594294885744,12,3.6667896714634494,17.39290541751439,2.646411447650543,2.94464235075769,3.491964849752139,19,55.63429744534064,59.42157395028056,6.107077132463457,5.482853223012731,6.723063391002782,73,10.843926981049634,26.38777185384313,2.9539702849561364,1.9832239452577418,2.435326644055305,32,3.825572282494194,6.826179899578857,0.9211151105426836,0.49310199135450644,0.7772244495434947,46,100.00043452163752,257,72.00031285557901
T048,14,7.8,64,23,14.1,141,0.8,2.5,201.1,107,0.53,9.9,87.9,100.6,True,0.830687207662598,3.130615491326187,0.6424698883096855,0.09340223502330089,0.1774380813558883,25,3.393824940602676,18.60575337015795,1.8154838967368367,2.4071008590958805,2.754253647592397,14,9.729181374673034,30.62845852070379,2.983500320182043,1.876622036292662,2.212490563868249,23,6.758359526361135,48.28099186678088,4.857305921021924,8.242737893293787,9.505223219461133,11,4.520505054471541,14.9477378235437,2.0167920931264356,3.0278626436106792,3.889324581249157,23,36.24848495696073,56.48279385247532,6.321277508534852,5.561519752538591,6.740988386836342,48,11.622796783177854,28.10246759518602,3.314565467708692,2.1242878755940935,2.688813133579588,35,4.874667546996897,7.62961572391075,1.036616260674787,0.49738748884385015,0.8431857664714734,58,77.97850739090647,237,56.144525321452655
T049,21,10.9,53,37,7.9,218,1.8,1.2,205.6,66,1.12,4.4,96.1,94.3,False,0.5139635850337347,2.724112987904888,0.37840648016349776,0.11697754734725073,0.2080681408952155,15,5.3847152316577285,19.47892154631558,1.8829527376354191,2.5294922550781846,3.057655032318108,21,15.424217456610352,30.03216097149399,2.583894967591325,1.787651312346787,2.113724924804856,37,11.66669638811635,44.04493032604762,5.232861627340992,7.904444014646368,9.28507375349396,19,3.3744266623590917,15.34675732271463,2.1094409896024744,2.857300311162564,3.442999126460331,17,33.58626133175918,62.82644529013005,5.90861084251867,5.615253830116717,6.864464295388714,45,12.992677237621963,24.67201344167881,2.561795694040391,2.019902064519196,2.995367090902198,40,3.6150848491244245,7.020252618310314,0.8520572278700443,0.48268727406994244,0.7255974657354975,41,86.55804274228282,235,62.32179077444363
T050,16,8.8,60,27,12.3,162,1.1,2.1,200.8,94,0.69,8.0,90.2,98.4,True,0.4307277844533861,2.607061425879589,0.49173670333462366,0.1042866582200883,0.2225597442229144,15,3.8969338661150186,17.00555488467446,1.4220331314548005,2.345041921204832,2.871942892727675,16,11.033835070001494,29.13420229760191,2.7227014992530045,1.866619814621798,2.211767628966972,27,8.276767662181456,45.54568885663324,4.660411992627167,7.963552995640579,9.15996374858512,14,3.2071349503616347,15.58532634254542,1.9316608564913629,2.9904313635022737,3.465202611371442,16,68.5591459500851,67.99762095683379,5.6925462897620385,5.572979511391224,7.281809884761407,90,11.469578192532154,27.31935978471706,3.3349800709873465,2.022738782688725,2.539659561653146,35,2.752475601571981,6.823972928646089,1.037763801503199,0.5161373610094958,0.7744981574576802,34,109.62659907730223,247,78.9311513356576
T051,9,5.8,73,15,18.0,92,0.4,3.6,204.7,135,0.29,17.5,81.2,106.3,False,0.6632978386352844,3.055843967632733,0.4584622308573155,0.10403936092641847,0.1822255028835123,19,2.210030481163179,18.42662689915036,2.4771312814575523,2.5145254165369595,2.850378845379656,9,6.634572698039093,34.81152502902485,4.570504953280587,1.824131655160841,2.358369995566103,15,5.738796745346926,42.76272744566685,3.509875910189499,8.419226313521332,10.42702789605363,10,4.311061244829631,15.95456799045215,2.1955277532743045,2.973643738566014,3.580918265931529,22,45.52958987682351,53.71976155421692,6.2094074037306894,5.58949698195508,6.673537834678111,61,8.675171050645668,27.09693089667484,3.2344191045847728,1.923114128865302,2.569845890356374,25,3.230672706380612,7.525561901811917,1.0490744347022107,0.5199671325795814,0.7326794874254975,37,76.99319264186391,198,55.435098702142014
T052,19,10.0,55,33,9.4,192,1.5,1.7,198.7,79,0.87,5.7,93.9,96.6,True,0.7595722021314164,3.104973447934152,0.4562338424192659,0.09780085072650242,0.1781935862972964,23,5.089851311150746,20.30542146873014,2.066767738355122,2.5264943999782417,2.879832701192524,19,13.389950352531821,29.49558765134945,2.4571417180003925,1.8221268349508382,2.23770760918004,33,7.552530588538234,48.45828896048683,5.304876918565373,7.36728324034594,8.99182215478637,12,4.515315235402088,15.98295226815261,2.1210803552067645,3.057423499632048,3.540828118956563,23,51.82818755400388,59.53221853240117,6.188084862997604,5.38075601312483,6.933754725475834,70,11.074670373978844,26.61390273633298,3.15401585029671,1.8894535706881657,2.447710839532979,33,4.638822950420986,8.513315687239851,1.0341827889309851,0.5245467736278013,0.72694353904648,55,98.84890056815803,268,71.17120840907378
T053,13,7.4,65,21,14.7,132,0.7,2.6,202.2,113,0.47,11.8,86.9,102.4,True,0.5421699298332041,2.689587968139115,0.3987319560393975,0.07674132124489044,0.1673772206108371,17,3.2185369474238006,19.24661309943994,2.2243645328476624,2.5645939995654308,2.983957755318743,13,8.514791277685013,27.54778363376796,2.3608479845632235,1.7777915427189857,2.068401528117078,21,9.298278782996036,52.19919082492527,7.115477178521411,7.941142447718235,10.1514120581104,16,4.600653833504268,15.19785738526578,1.9874059895318579,2.989092970073518,3.475155184643056,23,65.81447120354385,56.569204503935,4.793859798411147,5.513690680356676,6.849116529249584,87,9.467416639641023,27.30883151756915,3.0481419279021877,2.0105372738487546,2.580016472564535,28,3.297811838605414,6.868884680589128,1.0339199331875908,0.5059433066774112,0.6861822295531879,39,104.75413045323259,244,75.42297392632746
T054,22,11.3,50,39,7.3,228,1.9,1.1,206.4,63,1.18,4.0,97.4,93.4,False,0.768184076377467,2.848250099671932,0.42779031851473687,0.08895428032657031,0.2300639491172873,23,5.417544173164886,17.42013502634845,1.0221770601362634,2.5898013891965284,3.03677854654339,22,16.431984290740708,31.61408404474274,3.255743143488374,1.8233842444508037,2.295533094697553,39,10.780509961227843,48.3575907217234,5.178784975866661,7.723793814348969,8.956813434290774,17,4.437460643518603,15.53230351196746,1.6666450015922412,3.06239854745767,3.687293547862069,22,63.01592760719776,59.88451299088584,5.883354537196496,5.503350799793062,6.704210213186671,84,7.606368042234007,27.46579975351412,3.1735503731917034,2.1060418439727058,2.624179677127148,21,3.0696092969582742,7.037557048326795,0.9767196377544048,0.5230011704821345,0.784231932045914,38,111.52758809141955,266,80.29986342582207
T055,15,8.6,62,26,12.7,157,1.0,2.2,200.1,99,0.67,8.3,89.6,98.7,True,0.8904913481497835,2.973980892677935,0.4712844739920786,0.10170957511647401,0.2302787811509027,25,3.90009323231673,19.24008285530804,2.3283744382688614,2.4766138829538273,3.107655773675777,15,10.942570193218836,30.93232885570756,3.2372077524192404,1.7891655273061804,2.134255733541086,26,11.488198219905318,42.11556437790436,4.441850836053932,8.196093166559624,10.6185949655326,20,3.394612209204417,15.78297501121689,1.735417594724513,2.981619330537531,3.63781136158311,17,36.8836894754872,53.08091851043133,6.118249994775675,5.447229795188988,7.079023973314399,50,10.143919806171796,28.64423486913763,2.9831102472249373,1.971659503306787,2.52711760725342,29,3.01266895650121,6.871123533410513,1.0637796390300969,0.48734623465597576,0.83283110154566,36,80.6562434409553,218,58.07249527748781
T056,27,13.5,42,48,4.5,280,2.8,0.2,213.8,40,1.92,2.6,99.9,89.8,False,0.8294667902318734,3.233471290897642,0.5665793111446255,0.11000373814650218,0.2222487682329762,25,6.598236764151971,17.53353606052785,1.6048695693700719,2.4552877161876734,3.093603797248644,27,20.340329126006864,33.18678193615372,2.7600287348568364,1.7923441153378838,2.191270366478527,48,8.8467411914676,40.22198828044134,5.202083664829813,8.361820401963286,9.934724123547392,16,3.248235158177022,14.27273131495276,1.1798183145401857,2.9535654477417945,3.746319467897915,16,51.47197321126603,56.8816513490573,5.170476410100827,5.3602139730532725,6.759333443373389,70,12.693896871287055,27.59707215237614,2.624866816811888,1.9857402165685194,2.826297876227504,37,3.558963387946708,7.479806262496919,1.1517977493251879,0.4950137658390454,0.7245702174455069,42,107.58784250053512,281,77.46324660038528
T057,11,6.7,68,19,16.5,112,0.5,3.0,203.6,119,0.41,13.9,85.3,103.8,True,0.701331600783695,2.837479129914326,0.5337838943491983,0.09985837745011632,0.2414445153176151,22,2.7589685548252243,17.71969690955143,1.7249438508960202,2.348762960254116,3.053002516071569,11,7.926502115974854,29.2688123759706,2.983141712272417,1.7811846782242524,2.05634659356617,19,10.090202651545155,42.03290855954408,5.002043814465237,8.030446886483546,10.41095568328976,17,4.203954203355462,15.39594709720496,1.865070005890608,3.049337733244183,3.612349621181571,21,48.00619298362151,57.67255067963557,5.7235173225041285,5.429379833375671,7.374978991934821,64,12.39396831683602,27.34467737224076,2.92392662746847,2.073104935858581,2.662455338018151,37,4.787967395639513,7.450388525210139,1.0526506793616375,0.49990517684888536,0.728955502328222,57,90.86908782258143,248,65.42574323225863
T058,17,9.2,58,31,10.8,174,1.2,1.9,199.8,87,0.76,6.9,91.4,97.6,True,0.638052678466225,2.782419656559996,0.5082176246575112,0.08583436528314319,0.1906020023062542,20,4.265318047219824,17.48865028389519,2.0147234792051036,2.3969324188748367,2.892574826422942,17,12.490394839071405,30.50718861975112,3.493581229136705,1.8083223686842615,2.216139989510279,31,6.352582603669232,43.09982622717627,4.888043297897824,8.217020319429402,10.12178889811704,11,3.9336162150053493,15.66929029642469,2.0867918594819064,3.0318537569585744,3.438313267308418,19,41.118264651598885,62.59586327125963,6.066983080503235,5.44264359601541,7.185378933141951,54,8.232324541624502,25.13046559744024,2.971412685104836,2.046573717838623,2.619935757394159,25,4.380445955123218,7.06493637002087,1.0308766290283564,0.5233969834244943,0.7580833848174755,52,81.41099953177864,229,58.61591966288062
T059,14,8.0,63,24,13.9,146,0.9,2.4,200.9,104,0.57,9.4,88.7,100.3,True,0.5399597816133106,3.136994387842918,0.5079107298149567,0.11385537029447623,0.2258066879424261,16,3.3155593626095987,18.79189372409261,2.170638143798166,2.5302212515916738,2.882252503763862,14,10.142771876787242,30.53743736449941,3.035250311688967,1.8099876967491249,2.465964480300674,24,7.595560994369339,40.65413895173477,4.3369492175005995,8.177950779961117,10.78237617805954,14,3.732634552437358,15.52756144577123,2.0963984211750826,2.9384176750321136,3.343251435511445,18,63.29475103011237,60.79769348470554,6.527378620631303,5.431238964882591,6.804041493251436,84,6.940969043584182,24.26506186980981,2.751952606431334,1.997994166008689,2.803102149690585,21,4.80984065461737,7.503392190161735,1.0444286171870962,0.5009413281701461,0.6820292583710588,57,100.37204729613077,248,72.26787405321416
T060,24,12.2,48,43,6.2,245,2.2,0.7,208.9,50,1.46,3.4,98.4,92.1,False,0.545215363896063,2.656145838881179,0.4756672327302074,0.12499575552045974,0.2131125358701575,17,6.141233355083684,19.82894397225161,2.157153011798754,2.4824177495413777,2.977222511470616,24,17.728853674313516,32.53265253315671,2.9333360750952657,1.7506104399682223,2.262564034180219,43,5.973504484168643,44.28608936224853,5.156350243978084,8.2033625411462,9.360268267946577,10,4.958349321277606,15.6673190470682,1.9062521347954333,3.0547552690543767,4.006785645632138,25,32.843431069409085,59.20567189931626,6.242861570918723,5.575001244483448,7.249555867567728,45,8.258103401122426,26.15215719818246,2.7264100688281148,2.0237440671929465,2.719230567721075,25,4.470521266576245,8.160705892615734,0.987692396282224,0.49202990259769885,0.7429654448894234,53,80.91921193584726,242,58.26183259381003
