Batch_ID,Time_Minutes,Phase,Temperature_C,Pressure_Bar,Humidity_Percent,Motor_Speed_RPM,Compression_Force_kN,Flow_Rate_LPM,Power_Consumption_kW,Vibration_mm_s,Energy_kWh
T034,0,Preparation,25.33891640346779,1.064391024570662,49.65453203727924,0.0,0.0,0.0,1.817930705511683,0.05406737646075391,0.03029884509186138
T034,1,Preparation,26.42013867720418,0.9180848669709869,44.97948388182122,0.0,0.0,0.0,2.732932391327658,0.1437480965862576,0.0455488731887943
T034,2,Preparation,24.95943784672366,1.053439786855455,45.47564711953812,0.0,0.0,0.0,1.816748507657893,0.1220633833194652,0.030279141794298216
T034,3,Preparation,24.57989773715991,1.050351238776014,44.11902346398729,0.0,0.0,0.0,1.633869351188993,0.1598799315187449,0.027231155853149884
T034,4,Preparation,26.25181753244393,1.050715821471415,42.14980785780192,0.0,0.0,0.0,2.44854406946721,0.06444040321324418,0.040809067824453496
T034,5,Preparation,25.12596253936093,0.9891213580056849,40.69120227177359,0.0,0.0,0.0,1.52377773749132,0.03827602467383152,0.025396295624855333
T034,6,Preparation,25.29313018571078,0.8592783262384993,46.03650125018684,0.0,0.0,0.0,2.118322754282503,0.1098249720471718,0.035305379238041716
T034,7,Preparation,24.39258378993593,1.165995970425868,42.55336361340996,0.0,0.0,0.0,1.73635569529167,0.09067497776086252,0.0289392615881945
T034,8,Preparation,27.60830610308091,1.176142249685343,49.00383916158657,0.0,0.0,0.0,1.897270156542794,0.1042926258342193,0.031621169275713235
T034,9,Preparation,25.8209474896306,1.118469158953234,45.44509297346642,0.0,0.0,0.0,1.947427370335413,0.09584462018350731,0.03245712283892355
T034,10,Preparation,24.79556470042795,1.007117633012946,42.36702952396303,0.0,0.0,0.0,2.272429497073059,0.1086350695991571,0.03787382495121765
T034,11,Preparation,23.98890762559719,1.077991296727398,43.35491099808867,0.0,0.0,0.0,3.060505868513596,0.1553813843395235,0.05100843114189327
T034,12,Preparation,22.20825374540705,0.9845292391216929,40.62078961725167,0.0,0.0,0.0,2.29602837785152,0.1475902859309813,0.03826713963085867
T034,13,Preparation,21.9347676109705,0.9647029192718871,45.64175551207089,0.0,0.0,0.0,2.748517633547618,0.1200946584106148,0.04580862722579363
T034,14,Preparation,25.4370569371657,1.028365222823024,42.00082327745402,0.0,0.0,0.0,2.267834050986551,0.1268484725640669,0.03779723418310919
T034,15,Preparation,25.25837005077712,1.059938356220457,42.35808039564944,0.0,0.0,0.0,2.180419268837368,0.1715472626002651,0.03634032114728947
T034,16,Preparation,27.51932715648397,0.8394461788551666,45.48744931097107,0.0,0.0,0.0,2.186966999517709,0.09403312030143808,0.03644944999196181
T034,17,Preparation,27.53599390975765,0.8897948617670483,43.32522878887476,0.0,0.0,0.0,1.303276251312626,0.1250993785778997,0.02172127085521043
T034,18,Preparation,21.85593631546461,0.9399456026020413,43.7176124612303,0.0,0.0,0.0,2.22810973189493,0.1206642238515117,0.03713516219824883
T034,19,Preparation,22.22828756266253,1.058828808572921,46.91965679391775,0.0,0.0,0.0,1.407739824220225,0.08547943414515537,0.023462330403670417
T034,20,Preparation,26.51785130083224,0.9323541518435734,47.57539196232864,0.0,0.0,0.0,1.267481316864555,0.08249395540061663,0.02112468861440925
T034,21,Preparation,24.46980989359464,0.9667107954163596,45.42841893307521,0.0,0.0,0.0,1.893751841157414,0.1073179307458664,0.0315625306859569
T034,22,Preparation,25.04071320157496,1.104300578241266,48.43919682433876,0.0,0.0,0.0,1.565083586893099,0.1044819146503878,0.026084726448218316
T034,23,Preparation,23.44085099766665,1.019948188165629,50.20583910845605,0.0,0.0,0.0,1.786074399579644,0.1214152887567586,0.029767906659660733
T034,24,Preparation,25.53183695756158,1.100378650396608,43.92561257606401,0.0,0.0,0.0,2.043887992224408,0.1607603780249005,0.0340647998704068
T034,25,Granulation,67.90456498282892,1.121519984940378,58.86499494343219,151.2469829010948,0.0,5.558109253306183,14.84024782399794,2.362418927927005,0.24733746373329898
T034,26,Granulation,69.7521237551806,1.290805506717458,54.02288141664217,136.3641784578824,0.0,4.620666792502472,16.15054428019818,2.317544020309072,0.26917573800330297
T034,27,Granulation,65.83628803396574,1.316607626566122,55.88311205772488,152.5032789133704,0.0,4.894895930640343,15.65533569756012,2.581588558628057,0.260922261626002
T034,28,Granulation,65.57760449869059,1.163754943713252,53.70700806440394,153.9435816014995,0.0,4.744872149856885,15.15219998054851,2.700604221673875,0.2525366663424752
T034,29,Granulation,65.97151186094162,1.16754004048052,58.90642539063631,160.6868291471275,0.0,4.998006551711685,12.66989046511774,2.771449002160043,0.21116484108529568
T034,30,Granulation,66.34906249595164,1.164240134690605,55.85971898029796,142.1979988254804,0.0,4.515701018797436,12.68358040881939,2.326689963719771,0.2113930068136565
T034,31,Granulation,66.04119410025416,1.107751934603889,53.54991330725508,160.5196956563135,0.0,5.56247100254012,12.07870162026876,1.931168250062032,0.20131169367114599
T034,32,Granulation,68.25922758369062,1.168982972117127,45.69972464824662,146.0060771934558,0.0,4.128945359633779,17.40267447293366,3.281356099977491,0.2900445745488944
T034,33,Granulation,66.4184697695818,1.27660988714759,54.40367768269719,132.7678446806762,0.0,6.433766170378737,15.15814401541069,2.674564354725653,0.25263573359017816
T034,34,Granulation,66.18860272972525,1.04297778909114,48.70715134553537,154.9506880228539,0.0,3.866632159989263,16.9210935558085,2.23429030309984,0.2820182259301417
T034,35,Granulation,64.6380035731634,1.161588741991372,60.22663598350184,141.3558953104681,0.0,4.693214833334657,15.44414416636278,2.583948526715111,0.257402402772713
T034,36,Granulation,65.01855990148867,1.46857243951583,58.50168095578113,168.7738960836624,0.0,5.306709649585604,16.84450782510939,2.373556642998009,0.28074179708515645
T034,37,Granulation,66.32941183518321,1.299217968002907,51.64375534083887,150.0144163147614,0.0,5.51416307577185,20.33190337134619,2.618590172549097,0.3388650561891032
T034,38,Granulation,67.1170014115208,1.217182870065315,55.46896742000516,165.6842263893911,0.0,5.806080114514184,16.69092464561779,2.04160891158585,0.27818207742696316
T034,39,Granulation,67.92379348307117,1.140730953924235,57.26443622753872,143.1701853808254,0.0,5.596851146616125,16.61139593073971,1.895921054087223,0.2768565988456618
T034,40,Granulation,65.95778356189635,0.9695990888848068,51.48577880410313,150.196529959097,0.0,5.284946522278329,11.44322876344218,2.636037155474926,0.190720479390703
T034,41,Granulation,64.98771338183698,1.202927632270686,54.39386219331931,149.3414212092449,0.0,4.260402598646164,16.13265685060538,2.83148505916229,0.2688776141767563
T034,42,Granulation,67.17185811835968,1.294691937066984,51.43340204760108,141.9633422344669,0.0,4.778806447350434,16.56484942322214,2.695679040026693,0.27608082372036896
T034,43,Granulation,64.93991247172612,1.295291300500114,62.15198025124504,148.5494784852987,0.0,5.017693136075116,13.65845465171459,2.795076185210389,0.22764091086190985
T034,44,Granulation,65.93226595122434,1.356792661007876,55.38441951398605,134.7756754230037,0.0,5.011803810827327,12.36790885454201,2.150155221513474,0.20613181424236685
T034,45,Granulation,69.12480695739592,1.253004660714406,51.59747504132245,143.1234545871466,0.0,4.865884616741906,14.4956682907068,2.71842216441315,0.24159447151177998
T034,46,Drying,52.00036379268683,0.9409833108381525,62.01209973573697,78.26126879100678,0.0,7.297663295351734,19.99246146257258,1.759524252547249,0.33320769104287634
T034,47,Drying,48.33222807091826,0.7894944113409201,53.67861912219306,84.40889538982375,0.0,9.08793981415957,31.85079058740448,1.85671998070119,0.5308465097900746
T034,48,Drying,53.71339764685217,0.61996075118005,57.00608081657877,81.34588507018903,0.0,7.781175884896847,20.95527303976141,1.946085661780465,0.3492545506626901
T034,49,Drying,50.0182385971119,0.8655259925339035,53.37767944644229,85.04406894083492,0.0,8.124603183962062,24.80236256829938,1.698442856119467,0.41337270947165633
T034,50,Drying,50.83956348004684,0.8313510875638744,53.48195263216589,82.33551698959127,0.0,6.340891095654995,24.85183332204163,2.145969421019782,0.4141972220340272
T034,51,Drying,51.68964481196719,0.6286145197212378,49.73053247387207,85.58848628325094,0.0,7.507219299424414,25.07659364560275,1.66067633376507,0.41794322742671247
T034,52,Drying,54.40762025657675,0.7248002133146654,51.42732451265987,78.84806799552261,0.0,7.818706769043338,21.95992526188982,1.961127476436085,0.3659987543648303
T034,53,Drying,53.6954502099036,0.8020293480294451,48.76959591958464,78.50543127240064,0.0,6.937772568806776,22.41904439734374,1.190085966078452,0.373650739955729
T034,54,Drying,52.31023305307986,0.8834263256915572,47.98922604590722,77.23537495422609,0.0,8.250417772860006,23.26194007671253,1.791759490732877,0.3876990012785422
T034,55,Drying,52.21066646381573,0.9997766856863997,46.81880514216275,84.95159546544922,0.0,8.357655726489858,26.01219175002472,1.956858964698727,0.43353652916707863
T034,56,Drying,51.6598790907995,0.8453501889265236,43.71156131863876,79.0274208930308,0.0,8.052318223019,23.45514420395916,1.807494592482787,0.39091907006598603
T034,57,Drying,56.29898218155094,0.7494692824461417,44.81962177964745,72.66837571128464,0.0,7.448561340353964,23.91564793549171,2.313270832000922,0.3985941322581951
T034,58,Drying,53.4423823296592,0.8666758073009851,39.20440632621169,81.32141225912054,0.0,6.993118256477896,24.16069571811384,2.044833579346578,0.402678261968564
T034,59,Drying,49.37686428229828,0.7455251286612434,44.6117108749464,78.25788919984419,0.0,8.072285610075303,25.9165663476791,1.522557325831337,0.43194277246131835
T034,60,Drying,52.4402509227004,0.7676903260268748,41.90398970119134,73.87621788274714,0.0,7.899226596367773,26.36782249101222,1.912936713977272,0.43946370818353697
T034,61,Drying,50.36459399311657,0.9293752931383408,38.83457045363668,85.73054224936513,0.0,7.299116280276857,24.46545918891117,1.789644768600386,0.40775765314851947
T034,62,Drying,53.06806174330944,0.8082040407600282,35.38157347716528,71.9680871236738,0.0,7.992615230925949,24.63882380451692,1.864170252403871,0.41064706340861534
T034,63,Drying,53.80885969760654,0.7537067882891141,31.1827322929179,67.80441214426841,0.0,7.513820736046018,30.69604813816702,1.383325690818701,0.5116008023027836
T034,64,Drying,51.64348775520596,0.706350162972291,31.09847280202082,78.42617469082948,0.0,7.57643533495153,19.69720991501713,1.278819023907922,0.3282868319169522
T034,65,Drying,50.00287830799774,0.8489904017850538,36.00251280802053,87.2597993250395,0.0,8.928517236216058,22.29787896282238,1.932838497111261,0.3716313160470397
T034,66,Drying,53.4205598747,0.7375941687488052,31.82638977878356,86.26995021128,0.0,8.399950450278643,24.61965116555857,1.586543843191595,0.4103275194259761
T034,67,Drying,53.50935527832556,0.8443213190516292,30.03864866847546,80.79320888200758,0.0,8.11262903223136,21.29517541166802,2.150830381773607,0.354919590194467
T034,68,Drying,54.33517646696893,0.8391073274735839,28.66006675371585,80.10407905685813,0.0,7.61505875519742,23.60731298118361,1.475430862948791,0.3934552163530602
T034,69,Drying,54.43703539849312,0.762843422609129,24.05764503188865,76.89186429676651,0.0,8.660734037701772,21.07149261940158,1.804560785304471,0.35119154365669303
T034,70,Drying,52.03319553609673,0.7078297870283872,23.07942720186934,76.14826467218504,0.0,6.607567700640755,31.41551048696636,1.800173600106896,0.5235918414494394
T034,71,Drying,52.10786446000674,0.794916453499496,18.69004822185126,80.25828097981012,0.0,7.859998783397904,23.32148888886891,1.774673756000186,0.3886914814811485
T034,72,Drying,53.19959273223375,0.7111591927623271,23.76541521575887,78.91650419782809,0.0,8.420146740868873,19.2819633054333,1.861918571189864,0.321366055090555
T034,73,Drying,52.42694740144385,0.6653097606411157,18.29341572365385,75.31271631531564,0.0,6.44709256776901,24.80753933285841,1.402983139538359,0.4134589888809735
T034,74,Drying,51.9679639405779,0.9384906050206822,18.38089442941639,81.64734987094324,0.0,7.179615265361164,24.4756448141109,2.117665943121686,0.407927413568515
T034,75,Drying,50.37430054041263,0.887658845209638,21.42229615548429,77.01606616664345,0.0,8.212164646758474,28.41312091603186,1.523517820011706,0.4735520152671977
T034,76,Drying,51.35002087660894,0.8042912731249344,22.04623509280029,79.6152592949111,0.0,8.765240664929713,26.19910479047009,1.631640453329335,0.43665174650783484
T034,77,Drying,53.91534444358467,0.7993715601555639,23.69131398185786,82.82730536884267,0.0,7.593067342311124,20.81145216734516,1.720048169896716,0.3468575361224193
T034,78,Drying,51.11547298995797,0.9203709918352567,14.16467988295005,82.1999490172342,0.0,8.00054529287174,28.03889156489643,1.437020086527103,0.4673148594149405
T034,79,Drying,50.01149258184449,0.8762790323090575,22.28137137916947,85.08041631740062,0.0,7.903343747194351,23.45392010229191,1.722439474406132,0.3908986683715318
T034,80,Drying,54.1530582311162,0.8459339748470408,17.02459094044195,88.26045099467805,0.0,7.74530019991619,21.2990105470381,1.971541573217173,0.3549835091173017
T034,81,Drying,51.19281743420846,0.8269182468242572,19.29246797622003,81.4710175013858,0.0,8.652324397679127,21.00098314878701,2.012172501164892,0.35001638581311684
T034,82,Drying,53.90981145481008,0.7698142422975948,18.39579090256507,78.74895067429594,0.0,8.18530229493657,29.65780897630342,2.018448573069346,0.49429681627172367
T034,83,Drying,52.57122200375549,0.8228752793018461,22.58068938038458,87.51794890835345,0.0,6.856911331742339,25.14588903076795,1.757504495378238,0.41909815051279914
T034,84,Milling,32.99156188678356,0.8209479100670402,39.2838141124484,784.3399392149776,0.0,0.0,39.78956396967631,8.044626200464224,0.6631593994946051
T034,85,Milling,38.42753136130987,0.903785947960621,43.55338044065541,816.8745960755418,0.0,0.0,34.91610594256432,8.251074163374588,0.5819350990427387
T034,86,Milling,32.99620993169455,0.9104216361251997,36.57484524481478,773.6222593428283,0.0,0.0,35.79473467470538,7.508817457179038,0.5965789112450897
T034,87,Milling,35.88899398857632,0.8213043900793251,41.20247487626028,802.4378352741722,0.0,0.0,36.70867154465792,8.335100648401239,0.6118111924109653
T034,88,Milling,33.92842459038824,0.9690114882117897,43.62425861720376,758.9852394334641,0.0,0.0,35.38920876491711,9.461056665797337,0.5898201460819518
T034,89,Milling,33.30511019614569,0.9311858335611242,37.5472052245234,818.063098073701,0.0,0.0,33.84688195940069,8.247669843258782,0.5641146993233448
T034,90,Milling,33.44852821685817,1.029891777040561,37.6199846287296,760.5280565905366,0.0,0.0,32.04798837183547,9.394051047806501,0.5341331395305912
T034,91,Milling,37.04111590419467,1.001352889031937,40.62368418811553,791.8711508903639,0.0,0.0,28.1071646849468,8.027114268199943,0.4684527447491133
T034,92,Milling,33.61484546594453,1.139005106982309,41.02691661778608,797.3170186035326,0.0,0.0,40.5050984001397,7.317364350553996,0.6750849733356616
T034,93,Milling,33.03920788068562,1.00508026489024,35.8209768233295,817.8993788217542,0.0,0.0,41.8436281274541,8.570880246381405,0.6973938021242351
T034,94,Milling,35.80480444370198,0.9796948018991191,36.04704096552908,729.199412305063,0.0,0.0,40.76834317403834,6.627525043824724,0.6794723862339723
T034,95,Milling,36.19955755094166,1.026315628584983,42.97570405922109,797.9635341089611,0.0,0.0,35.52487254530715,7.81086174144931,0.5920812090884524
T034,96,Milling,38.01308067903702,0.9586003862156446,40.03141854477795,822.9319539528714,0.0,0.0,32.7367180029264,6.327093878018404,0.54561196671544
T034,97,Milling,34.10585632896871,1.128303908827825,38.25290082988108,807.4592687412571,0.0,0.0,38.03205973808238,7.188445065546957,0.633867662301373
T034,98,Milling,33.79871703664497,1.093879135633017,36.0638825312955,842.866914814104,0.0,0.0,30.06265601528439,9.076620310078413,0.5010442669214065
T034,99,Milling,36.76393433427542,0.9447805695987684,40.50292244960627,814.0106856719026,0.0,0.0,34.49167967712438,5.969579595683397,0.574861327952073
T034,100,Milling,33.99451313163345,0.925399566218994,46.10519056063236,765.4965745948963,0.0,0.0,34.85076566276577,7.889683724970301,0.5808460943794295
T034,101,Milling,35.22719848131398,1.020760036192872,39.30045184884733,873.0847846175914,0.0,0.0,42.68411050781604,7.274481553698273,0.7114018417969339
T034,102,Milling,35.86858144695494,1.087614942156566,41.68409857444556,779.2835034085542,0.0,0.0,32.62078759583876,8.348320866859886,0.5436797932639794
T034,103,Milling,32.34768882574377,1.086444756869091,42.66327155364272,840.8307329384048,0.0,0.0,39.10450413489868,8.225888746519098,0.6517417355816447
T034,104,Blending,31.86364605119777,1.018976080027488,37.53099777105452,202.0166099569176,0.0,0.0,14.73503090093068,2.593986987478842,0.24558384834884464
T034,105,Blending,29.15778220057949,0.9525705153762142,36.13285607618596,194.5669817805417,0.0,0.0,14.54909511706619,2.469849428134045,0.24248491861776986
T034,106,Blending,29.00878680140042,1.087040135841737,33.21004478731308,210.7783093053297,0.0,0.0,14.62505031265898,3.051966950653871,0.2437508385443163
T034,107,Blending,30.24479879582052,0.956296801098033,37.38367802541644,209.9557915296734,0.0,0.0,9.434300529885084,3.025936426323452,0.15723834216475138
T034,108,Blending,30.50795907599604,1.041088049166701,35.94733309674915,189.5851334584066,0.0,0.0,11.93694610535267,3.24182737484964,0.19894910175587782
T034,109,Blending,31.47370250908307,1.014385386580392,32.0410900114831,203.644367734748,0.0,0.0,11.38917013252952,3.172349508298062,0.18981950220882532
T034,110,Blending,30.00391850624092,0.9890885223035806,39.48825470556661,180.8812514177746,0.0,0.0,15.05662115140235,3.199801492374959,0.25094368585670584
T034,111,Blending,30.09918576189352,1.061295906417631,32.8336454920751,191.6399003092858,0.0,0.0,16.30145233236637,2.875862262511231,0.27169087220610616
T034,112,Blending,30.59000752189199,1.259857963404051,31.0960700279972,218.5511434444171,0.0,0.0,8.744204713966942,3.088904873224435,0.14573674523278238
T034,113,Blending,29.86063300184188,1.18222477492641,34.45681051840145,157.0435843847137,0.0,0.0,11.23302758801681,2.755455107542758,0.18721712646694683
T034,114,Blending,29.88341101522905,1.119583987492014,33.91502406238716,223.5620720614065,0.0,0.0,14.28826880080798,3.503816753260775,0.23813781334679968
T034,115,Blending,31.23526172110546,1.090907220854058,31.07190918617163,210.1554562527785,0.0,0.0,7.180439952570232,4.495370946857598,0.11967399920950388
T034,116,Blending,29.29138272417019,0.9364434933983425,37.23009490297174,156.3863302017656,0.0,0.0,13.3270922116,2.944922419458039,0.22211820352666667
T034,117,Blending,29.12658341286087,0.8662715026291294,36.790603012376,202.2281781821779,0.0,0.0,13.20019788629822,2.668553462468318,0.22000329810497032
T034,118,Blending,29.8835156836062,1.06394386151713,34.10753643835874,209.6165961561095,0.0,0.0,12.48747723631563,2.676060169124898,0.2081246206052605
T034,119,Blending,30.62732578398474,0.940822441689878,37.17107091864551,198.5538271287417,0.0,0.0,11.40983681725915,2.572641873551635,0.19016394695431915
T034,120,Blending,31.06330717444176,0.8939816899355489,33.91892600391409,176.5506335695316,0.0,0.0,11.57393160762868,3.009917032625915,0.19289886012714466
T034,121,Blending,28.17233276812517,1.148100827273395,33.89711298803601,193.0618643920603,0.0,0.0,11.69088816627875,3.236905224092315,0.19484813610464582
T034,122,Blending,31.20221488626771,1.097052731440194,31.85639996094163,186.7650602561564,0.0,0.0,13.15348469753713,3.087672440070242,0.21922474495895214
T034,123,Blending,29.14417538933809,1.039252627125338,32.14079189552555,191.0311036563578,0.0,0.0,9.903466538427374,2.465830661609033,0.16505777564045623
T034,124,Blending,31.37783386621004,0.9774388692170873,34.59279130287162,213.1048145242496,0.0,0.0,8.590211977440946,2.752966214155723,0.14317019962401575
T034,125,Blending,32.35757784641893,0.8845984200728021,34.92439227856035,194.1381547392994,0.0,0.0,12.07022724873108,3.464213593882559,0.20117045414551799
T034,126,Blending,30.19444908308964,1.078623727327094,34.55915949914403,208.6797434555573,0.0,0.0,13.31621060288199,3.012894511019534,0.2219368433813665
T034,127,Blending,30.52892240104676,0.8921733153744132,36.44736794244169,222.4643470288515,0.0,0.0,11.11126460797685,2.49671790354721,0.18518774346628084
T034,128,Compression,30.1244612256013,1.132229602643591,34.18272335768092,56.19627947037655,6.242586683159401,0.0,45.26731931834758,5.913262011288058,0.7544553219724597
T034,129,Compression,28.18572445024369,1.167210147962855,33.37964394655741,47.73693827304043,9.594828194985284,0.0,32.59672438896482,4.739786445717075,0.5432787398160803
T034,130,Compression,29.11795013050127,1.021860083528168,34.26376136119377,44.69497572589439,7.265386130676066,0.0,37.1366275488699,6.306719718213981,0.618943792481165
T034,131,Compression,27.55578795934249,0.8602427363046617,34.42186276311705,57.84981067728959,7.440201578781655,0.0,50.8702023037761,5.15237892565979,0.847836705062935
T034,132,Compression,26.00382414967371,1.050600801439066,33.70289705013477,48.39689482177222,9.108202966739436,0.0,45.44350637288363,5.714984916700009,0.7573917728813939
T034,133,Compression,30.11620623573992,0.9386083380248187,29.15180036548809,51.21475311988214,7.382582574350462,0.0,49.75931639607389,4.936267829496988,0.8293219399345648
T034,134,Compression,27.30491337684424,0.8447622598959942,27.19304924507412,49.07554073578065,8.102739595734683,0.0,42.1237475866841,5.099251055295827,0.7020624597780682
T034,135,Compression,26.4736862277083,1.205143951645798,29.87223537108309,54.68608487818481,7.247676480780912,0.0,43.25957507704584,5.174527120711756,0.7209929179507639
T034,136,Compression,29.7707784040642,0.9618807129409199,29.43997962713313,50.90001148774333,6.243754741334638,0.0,53.55609496382327,6.008288284268307,0.8926015827303878
T034,137,Compression,30.79509678210852,1.122360000659954,31.30779664057919,52.8833366915963,6.794498598074935,0.0,46.81075754642911,5.711704997931637,0.7801792924404851
T034,138,Compression,26.16429512418248,0.8610395497245498,31.19345240208939,59.62466728844458,7.828028188065935,0.0,42.35411138326057,4.821642891222433,0.7059018563876762
T034,139,Compression,30.54175867941277,0.9034078235162089,25.67114825735078,54.33906195466042,9.018978369508812,0.0,42.64615455929313,6.981608744620529,0.7107692426548855
T034,140,Compression,29.37579217431248,1.149178338547353,31.80381696913965,55.88051372370016,7.271279076940171,0.0,43.97688857607642,6.570331040700443,0.732948142934607
T034,141,Compression,32.10083030209741,0.8547825690196565,32.03090999088629,49.43038438837257,8.626710338670705,0.0,41.50305363832377,3.655771840801648,0.6917175606387295
T034,142,Compression,29.394299868298,0.9319229532718278,30.53813000604048,45.92029330635223,7.607223573824139,0.0,59.1326384385353,5.984730821620199,0.9855439739755883
T034,143,Compression,28.70513595912124,1.063209974084119,28.18876122854693,54.27910590444023,7.720912137236543,0.0,45.16963299944999,5.575942124076726,0.7528272166574997
T034,144,Compression,29.39294402285874,1.110990707950454,31.3610556873636,49.94811239761945,8.48020726787564,0.0,46.65522126361303,4.484019327938581,0.7775870210602172
T034,145,Compression,27.26387845180772,0.9028113933276086,32.76012830216284,56.00916078567577,7.499109931637195,0.0,49.98676036563801,5.90990320349183,0.8331126727606335
T034,146,Compression,29.89278766171769,0.8882818649585816,26.95115663876832,46.37372178439603,8.027354012031921,0.0,40.04280296965776,5.807323714738069,0.667380049494296
T034,147,Compression,27.50949372148937,0.831406948164268,27.18285509346429,45.0489209904852,9.296903566137876,0.0,43.68282035288305,4.440860828768721,0.7280470058813842
T034,148,Compression,26.45817203156486,1.08432761618185,29.83294836974522,56.09038978578831,8.713927582107669,0.0,53.76064207613747,6.429638598060246,0.8960107012689579
T034,149,Compression,28.80722490465816,1.067955546018618,25.83065953046156,57.42117525191786,7.355480573404889,0.0,51.13642813340875,5.235738064051151,0.8522738022234791
T034,150,Compression,27.19182506790661,0.9643672456459724,27.00302987142991,44.28821284184149,9.159220139548612,0.0,52.45402311938052,3.370977787153651,0.874233718656342
T034,151,Compression,28.06864299549858,0.9288424128277901,28.68381258179794,46.85975609308584,8.349719399618731,0.0,38.13562649143763,5.337830041891666,0.6355937748572937
T034,152,Compression,30.08487198669744,1.062817567438867,31.46013925982076,42.44206856989715,6.467716934006032,0.0,57.20458594227954,6.459212378517568,0.9534097657046591
T034,153,Compression,26.60641208028474,1.010950687895052,30.68340808718656,58.77836374589236,8.365801221398666,0.0,36.56865457967598,4.306986723900225,0.609477576327933
T034,154,Compression,27.42594510929444,1.065696621054306,31.84140957504997,49.67042201003353,7.411545555794789,0.0,47.90824214656624,6.702230281109541,0.7984707024427706
T034,155,Compression,29.72163935258528,0.7960127096299408,29.69311741958167,52.96438063202487,6.499235181880793,0.0,39.2853673195311,5.874254453269341,0.6547561219921849
T034,156,Compression,28.81320031360812,1.109411984634454,29.94024863067289,50.17770983717917,9.390723358892888,0.0,37.71120705988854,5.300885058242409,0.628520117664809
T034,157,Compression,28.9222805407854,1.071668367155425,30.72481090873608,47.18845665021018,7.425808906892463,0.0,41.65638014235561,5.539989047855265,0.6942730023725935
T034,158,Compression,26.91399118387486,0.9881444032951167,28.91784585093949,53.25732595949906,7.538502739437014,0.0,40.49397752221289,5.615424197830692,0.6748996253702148
T034,159,Compression,27.26741755236278,0.8410435576955384,25.65349615328669,52.77592332588735,8.480483798860714,0.0,46.9288740809433,4.953131865635362,0.782147901349055
T034,160,Compression,28.66346548388345,1.174220178303679,29.68597073037658,53.59749997627839,8.84489976908589,0.0,54.12293495632752,6.21048869469197,0.902048915938792
T034,161,Compression,31.37020031653948,1.056372073365913,33.12910336095555,45.93627451206248,8.98610282481693,0.0,42.0161370595278,4.906916630077568,0.70026895099213
T034,162,Compression,27.62747012532328,0.8736680031286417,33.80138150904813,53.99598414360189,7.961568682704509,0.0,52.01835047978459,5.666665053811362,0.8669725079964098
T034,163,Compression,30.33992184280571,0.9552511331022687,26.33089026147364,50.37315320086581,7.574143014363493,0.0,43.67294296485004,6.259409135646832,0.7278823827475006
T034,164,Compression,28.8197111690791,1.008955414275525,26.81662864839372,48.81142887608454,7.898746105068328,0.0,38.13669118917441,6.066022714731107,0.6356115198195734
T034,165,Compression,29.6295550694784,0.9248029702516603,30.07723594415626,52.1395651070937,8.20699747823929,0.0,33.66876460884395,5.5730717102532,0.5611460768140658
T034,166,Compression,28.21347599024095,0.9858936939357063,29.37828195635961,48.17345489401451,8.238597092560806,0.0,51.97381185556928,5.358502600003284,0.8662301975928214
T034,167,Compression,28.89724159782622,0.9771118405875012,31.10734533110718,53.34227906139849,6.660144449473879,0.0,35.26833270985573,5.278850517359569,0.5878055451642621
T034,168,Compression,28.53768856617955,1.057285894753047,25.68686881371911,56.45877491847726,9.468128111276734,0.0,43.64795685251748,4.860452596630837,0.727465947541958
T034,169,Compression,28.99185909837768,0.7884828392609924,33.38895630752946,48.24799030306069,7.967142352129949,0.0,50.12043070170282,5.409814215392093,0.8353405116950471
T034,170,Compression,28.09381598834167,0.8790004943901926,30.36234994118797,47.08487787174967,7.940037011428434,0.0,47.67885570972544,5.06272220920937,0.7946475951620906
T034,171,Compression,28.97661683553943,0.9963328041518044,29.63888707227222,56.12025575285299,9.25062463447794,0.0,38.42687935362439,4.93014218314032,0.6404479892270732
T034,172,Compression,25.64637434966696,0.9633123839201804,26.679189723211,46.55270998348078,7.839692056568656,0.0,48.4130932281473,6.608829362514212,0.8068848871357882
T034,173,Compression,27.99109584355665,0.8747962275395513,27.25524451760211,46.82261442225336,9.243678616596894,0.0,29.37801328928194,5.19819256264714,0.48963355482136567
T034,174,Compression,29.03128753114773,0.8179268878325909,30.10615769584617,62.6292246687359,7.944222432600067,0.0,47.73074405891044,4.997488656186295,0.7955124009818406
T034,175,Compression,25.40507296874233,0.8258306328430253,31.84171004646867,55.3570037451391,7.231043177708913,0.0,51.03891426203835,5.548005902727877,0.8506485710339724
T034,176,Compression,26.57234509509755,0.9451981957057942,29.02663228777042,52.85868334667751,8.362522943835447,0.0,48.89800964343851,5.775978389474294,0.8149668273906419
T034,177,Compression,26.7072039083394,0.8629135247051317,33.4363512468496,40.8789196870862,6.460617221948365,0.0,46.51888853534474,5.221519608342402,0.7753148089224123
T034,178,Compression,30.51081037740974,1.002256180121223,28.42638340151142,52.40138067266579,8.256188822272083,0.0,35.66119727935359,6.111976802307168,0.5943532879892265
T034,179,Compression,28.2120266507215,0.9708494439306685,30.65394569171059,43.1114459969513,8.354757866946601,0.0,40.41119494839119,5.307688676231626,0.6735199158065198
T034,180,Coating,40.00629584941707,0.8192409890499551,26.89201559363748,106.9929584024391,0.0,2.904632776598136,15.54415632047047,2.185143286137364,0.2590692720078412
T034,181,Coating,39.00933817287541,0.6766692304223547,23.13670184930924,130.7744496594724,0.0,2.58919882397204,23.53172018912876,1.521858235831405,0.39219533648547933
T034,182,Coating,39.8788687461728,0.9465999848095404,25.33386003034301,119.2336475142407,0.0,3.258415524175409,25.12881399941934,2.127557392471497,0.418813566656989
T034,183,Coating,38.93794251285929,0.7996536439182975,26.5650084304315,119.7457185332987,0.0,2.58089232398776,24.60263100056821,2.146384141633844,0.41004385000947013
T034,184,Coating,40.10650020255768,0.959413502132269,24.51036905366994,119.1217964882476,0.0,3.198167942401726,12.94070572397237,2.063605370832542,0.21567842873287282
T034,185,Coating,39.10729237155036,0.956533352866631,24.4754030043493,124.7974354316911,0.0,2.587910923905277,25.28063659557598,1.748072338313257,0.4213439432595997
T034,186,Coating,41.44341722196255,0.7638163113415135,27.94552641257928,130.0776555895893,0.0,3.041537527678049,21.40515476078013,2.213540069800243,0.3567525793463355
T034,187,Coating,38.73555335688258,0.8227196297466447,21.03430856533252,111.1739467983333,0.0,2.911418598268845,19.17214707476873,1.977661653206464,0.31953578457947884
T034,188,Coating,39.24338490727791,0.9229667658429787,27.45505984434049,134.4571991710208,0.0,2.919281614291678,18.94970091398708,2.117851789503711,0.3158283485664513
T034,189,Coating,42.22407197579471,0.8595536272220323,22.8607103332469,118.4304384500413,0.0,3.234671972901586,26.19515338451254,2.180263220251995,0.4365858897418757
T034,190,Coating,41.12971861253678,0.7310029221165659,21.42422461780736,111.4900965185858,0.0,2.973401207417629,19.39748289111007,1.820816542776298,0.3232913815185012
T034,191,Coating,38.21523424377444,1.026825067936493,24.92268681096967,119.7132697228118,0.0,3.068153827966002,18.83892575472577,1.987834140440049,0.3139820959120962
T034,192,Coating,40.04314115917183,0.9221531319009962,25.732463373143,114.43948057889,0.0,3.208125685170016,18.96149152334249,1.864843666398002,0.31602485872237485
T034,193,Coating,40.87539254254878,1.046957525629618,24.74232740590636,125.5669424533241,0.0,3.254058807829562,20.17897402764512,1.588660297486528,0.3363162337940853
T034,194,Coating,39.62724253762453,0.7078513623818923,27.29198333043883,113.8601103868847,0.0,2.813448575324783,19.93741429670757,2.327975061952156,0.3322902382784595
T034,195,Coating,40.12766231823976,0.8173329944654577,22.75409593728795,121.4969498224039,0.0,2.854271805732004,16.30222968096742,1.924979693435943,0.2717038280161237
T034,196,Coating,37.92797089256085,0.8464854706118063,24.73846553196831,100.7999925531142,0.0,3.281493952055007,22.9041808450835,1.844473581080942,0.3817363474180583
T034,197,Coating,40.28448195211796,1.045030271770521,25.36617499747531,121.0235949532935,0.0,3.286561543734363,15.87939837404525,2.049301698951322,0.2646566395674208
T034,198,Coating,38.75154037554832,0.9011320897744823,24.08246067777386,117.4890998580214,0.0,3.287075200042604,19.40182765986847,1.921936128200369,0.32336379433114115
T034,199,Coating,40.8867797737578,0.8466578808488026,27.71342639686326,123.5741584227894,0.0,2.922604716076719,22.6229622543779,2.245986693376763,0.3770493709062983
T034,200,Coating,39.93711202186867,0.949884317709301,24.86943939343238,116.4522387023341,0.0,2.542565511497989,23.35818374958211,1.577526374523973,0.38930306249303515
T034,201,Coating,39.02555986594655,0.965329806967089,28.95163793898283,129.8586743461046,0.0,3.704672710046389,19.51967623428249,1.998522847393636,0.3253279372380415
T034,202,Coating,40.48897830620858,1.018741050477337,25.22243203593931,117.6501412831917,0.0,3.167866589358287,19.03147502402038,1.929033007126041,0.3171912504003397
T034,203,Coating,39.10363787774681,0.9188930515854383,26.20772228893599,113.5053685224382,0.0,3.388812296951082,19.6863074081845,2.486293812285049,0.3281051234697417
T034,204,Coating,40.39934987901207,0.889879433665227,24.20246668367568,117.6608925006261,0.0,2.926790159584796,24.06231539392297,2.449027521422653,0.40103858989871616
T034,205,Coating,40.87992592079043,0.9742996122634754,23.93839668567218,115.057192204968,0.0,3.354893187626905,20.37335004147685,1.363615583080984,0.3395558340246142
T034,206,Coating,39.2900609397538,0.855900376034492,24.01845686986366,111.3152083041585,0.0,3.128842917179581,23.42220115089884,2.083801112283184,0.3903700191816473
T034,207,Coating,39.76343861883674,0.912783947540386,25.28069769728913,116.4878450545801,0.0,3.046047412838877,14.26905073085988,1.850814912790018,0.23781751218099798
T034,208,Coating,42.59933654963753,0.8810577699989743,22.44265296497138,119.8415500466998,0.0,2.732237691875939,14.34949935642766,2.299252822745739,0.23915832260712766
T034,209,Coating,39.89035165813011,0.9203614198601318,22.69535137974741,134.4156009573406,0.0,2.637680137866607,26.36582749766812,2.126367744171763,0.4394304582944687
T034,210,Coating,38.28396754256205,0.9222951429773797,24.85318347460318,114.2894191936205,0.0,2.513342631728294,22.61096419209812,1.948436901416546,0.37684940320163535
T034,211,Coating,40.85451964539166,0.8220469327605184,24.18112931588331,107.9590644858666,0.0,2.446262687963814,20.8801897500264,2.320262947781036,0.34800316250044
T034,212,Coating,40.24457606274053,0.8587618036860395,23.87620632078468,121.0228981207153,0.0,2.895764677662889,17.4569653598461,2.488162052845926,0.2909494226641017
T034,213,Coating,41.20209485193326,0.7770953393628166,22.258459889055,121.8960036776838,0.0,2.625954267654512,22.15280368434297,1.398628253668915,0.3692133947390495
T034,214,Coating,41.98825847772513,0.8711302482495439,21.84299998811628,115.1440715889442,0.0,2.641894822371837,18.78121500428188,2.091208864933697,0.31302025007136464
T034,215,Coating,38.41762204286169,0.7007472146488837,26.81927809767924,109.7951220209079,0.0,3.261526082289398,21.00810272999747,2.132623432694344,0.35013504549995783
T034,216,Coating,40.51160014088266,0.6823298775102424,29.01635263109748,124.4043306431953,0.0,2.88827939036171,14.41820417782105,1.37249732987682,0.24030340296368416
T034,217,Coating,39.37757589736626,0.770588116316354,21.17227867668541,125.1854003833414,0.0,3.04743956163971,20.34997499137952,1.905520650017822,0.3391662498563253
T034,218,Coating,39.09448120741654,1.003324920328067,29.78937861969156,117.3091065092729,0.0,3.436458171459645,16.05165431233252,2.151536485785618,0.26752757187220866
T034,219,Quality_Testing,24.09997079359902,1.006810350086804,43.72216113773187,0.0,0.0,0.0,4.619534435009668,0.3716838722952132,0.07699224058349446
T034,220,Quality_Testing,24.68541183920186,1.000191434045781,47.09536362678291,0.0,0.0,0.0,5.396442746881185,0.2875509284506321,0.08994071244801975
T034,221,Quality_Testing,25.61986885334699,0.9137590042055113,39.66228120309147,0.0,0.0,0.0,3.527346247641161,0.5299955684852675,0.058789104127352686
T034,222,Quality_Testing,24.90419990307997,0.8156389156268395,42.42225077493666,0.0,0.0,0.0,2.754173820138311,0.500881111045563,0.04590289700230518
T034,223,Quality_Testing,24.05254876571231,0.9452562606663443,46.41112008765045,0.0,0.0,0.0,3.285211569002053,0.5304011132802924,0.05475352615003421
T034,224,Quality_Testing,25.58508643074744,0.971059654549264,41.53806556420147,0.0,0.0,0.0,6.543432351496137,0.5926166143531144,0.10905720585826895
T034,225,Quality_Testing,25.24867555848348,1.006754669171217,43.24911608374343,0.0,0.0,0.0,4.232795796438337,0.5733469653467523,0.07054659660730561
T034,226,Quality_Testing,27.61606772082874,0.9932952666356576,44.4944943916055,0.0,0.0,0.0,3.945221955822624,0.5840559449429199,0.0657536992637104
T034,227,Quality_Testing,24.18598046963035,0.9412883287785565,44.93291983966686,0.0,0.0,0.0,2.88405838554289,0.6107448076704262,0.04806763975904817
T034,228,Quality_Testing,24.59916106217523,0.9735042595773967,48.62872816011718,0.0,0.0,0.0,3.671810384853192,0.5893970430572253,0.0611968397475532
T034,229,Quality_Testing,27.06666319853387,0.9777007810942163,44.81120334415757,0.0,0.0,0.0,5.296166365044253,0.5244938974183962,0.08826943941740421
T034,230,Quality_Testing,24.05998046507819,0.9839252630011798,46.23837953313058,0.0,0.0,0.0,3.945054631653032,0.5987114460760272,0.06575091052755053
T034,231,Quality_Testing,24.33346785944838,0.9896182220012475,46.15692275665536,0.0,0.0,0.0,5.587197778595661,0.5555169566978525,0.09311996297659435
T034,232,Quality_Testing,24.13053513277207,0.9926231382132285,45.14334565910545,0.0,0.0,0.0,5.87458359788851,0.3624560821762123,0.09790972663147517
T034,233,Quality_Testing,23.24300660254581,1.133315480887334,46.82599477264302,0.0,0.0,0.0,5.211488638971824,0.5142029115355408,0.08685814398286373
T034,234,Quality_Testing,25.26886840426451,0.9748766669509984,44.25464371486285,0.0,0.0,0.0,6.222071889076476,0.5275761976246454,0.1037011981512746
T034,235,Quality_Testing,25.09837905861548,1.058056098256341,44.00006599077118,0.0,0.0,0.0,5.11771765005319,0.531113134480896,0.08529529416755316
T034,236,Quality_Testing,21.41035023162846,1.080165700140509,42.87049948316096,0.0,0.0,0.0,5.185998427727892,0.5980052357951383,0.0864333071287982
T034,237,Quality_Testing,25.15054602074853,1.034068058431789,44.89136533712795,0.0,0.0,0.0,3.961961778316253,0.3772744311803326,0.06603269630527088
T034,238,Quality_Testing,24.31344662900208,0.9748996504706925,48.15616839906061,0.0,0.0,0.0,4.843057186664898,0.5787048093083608,0.0807176197777483
T034,239,Quality_Testing,27.46102022641681,0.9076610208968929,45.57373775076962,0.0,0.0,0.0,4.729542002289813,0.5026596958720487,0.07882570003816355
T034,240,Quality_Testing,26.08090396733952,0.9366240023013663,41.2122246947952,0.0,0.0,0.0,4.216208081147243,0.4671774122292495,0.07027013468578738
T034,241,Quality_Testing,23.94213444476382,1.062049938477811,44.42239541532753,0.0,0.0,0.0,5.118111472286888,0.4436907257768106,0.08530185787144813
T034,242,Quality_Testing,23.49661207466193,0.8710495254413833,44.82994704600451,0.0,0.0,0.0,5.673734336239365,0.3736974812501724,0.09456223893732274
T034,243,Quality_Testing,21.68278132872513,0.8280397205579508,46.81189779680746,0.0,0.0,0.0,4.904396421066964,0.424156080393023,0.08173994035111606
T034,244,Quality_Testing,26.05821539688973,1.03575458832242,43.27509773900951,0.0,0.0,0.0,5.334970951746708,0.417780803557764,0.0889161825291118
T034,245,Quality_Testing,24.8460943475624,1.024976222535395,41.82590196741324,0.0,0.0,0.0,6.430210986569449,0.4931283201220106,0.10717018310949082
T034,246,Quality_Testing,24.47819177420419,1.066442291598648,46.46894243471709,0.0,0.0,0.0,6.191113656197915,0.4646157956944277,0.10318522760329858
T034,247,Quality_Testing,23.28046801977203,1.120934176436319,46.4837368053586,0.0,0.0,0.0,6.547425970025895,0.5390185453163088,0.10912376616709825
T034,248,Quality_Testing,23.36995250854724,1.02474636317933,48.8491856759053,0.0,0.0,0.0,6.152111525608847,0.4166486490912863,0.10253519209348078
T034,249,Quality_Testing,25.75409970433435,0.8992737287635989,45.88688872839946,0.0,0.0,0.0,6.42554524124255,0.6490713753050253,0.10709242068737583
T034,250,Quality_Testing,25.0097313746184,0.9772479577718725,44.47042243592652,0.0,0.0,0.0,4.034377736175287,0.4221923884970173,0.06723962893625478
T034,251,Quality_Testing,27.05383305135988,0.9169843209385253,42.98620819051585,0.0,0.0,0.0,4.241440082588179,0.55956751007556,0.07069066804313631
T034,252,Quality_Testing,25.59494832217953,1.07043789747177,46.44581689587847,0.0,0.0,0.0,3.724055878705484,0.5666675700564997,0.06206759797842473
T034,253,Quality_Testing,23.58325228860336,1.162418469146318,44.74805471525013,0.0,0.0,0.0,3.431684515093119,0.4390348024987604,0.05719474191821865
T034,254,Quality_Testing,21.89718603142286,0.8173646868219601,47.51214771982866,0.0,0.0,0.0,4.903469237451418,0.5902485693304087,0.08172448729085696
T034,255,Quality_Testing,25.27938040179288,1.086318360522359,48.62487968977371,0.0,0.0,0.0,3.398085870791522,0.4542373343987931,0.056634764513192035
T034,256,Quality_Testing,24.50682191264812,0.9776998626226883,44.50916144248669,0.0,0.0,0.0,5.553460187486042,0.4159946151004611,0.09255766979143404
T034,257,Quality_Testing,26.91355069153532,0.9748597970816688,45.51665032370906,0.0,0.0,0.0,4.480340604372108,0.5798141438267286,0.0746723434062018
T034,258,Quality_Testing,25.87562884386071,0.9498554862525043,42.18814612773868,0.0,0.0,0.0,5.086236602600215,0.4302342854070125,0.08477061004333691
T034,259,Quality_Testing,26.52590974682107,1.153324068682813,46.78451087260533,0.0,0.0,0.0,6.14810451359594,0.4966758243396086,0.10246840855993233
T034,260,Quality_Testing,25.67629490392288,0.7720650341440899,42.97511784766895,0.0,0.0,0.0,6.260272202702244,0.4125576561505973,0.1043378700450374
T034,261,Quality_Testing,25.87783961111521,0.8615239001396165,47.4871939250725,0.0,0.0,0.0,3.821776708960613,0.3464975073778676,0.06369627848267688
T034,262,Quality_Testing,26.09506428377238,1.012755842792655,45.09317995854543,0.0,0.0,0.0,7.036583972446877,0.4698927577903838,0.11727639954078128
T034,263,Quality_Testing,24.81327041419352,0.9366645172239969,45.59198886892465,0.0,0.0,0.0,2.947783755418425,0.4462343188843424,0.04912972925697375
T034,264,Quality_Testing,24.57045305903635,1.039972659966441,45.95487157693467,0.0,0.0,0.0,6.122303236231954,0.5942802762635223,0.10203838727053256
T034,265,Quality_Testing,27.77985992451129,1.132712129281577,47.89722213221293,0.0,0.0,0.0,3.515090205495365,0.4718838951810412,0.058584836758256084
T034,266,Quality_Testing,25.01836974863268,0.9921629360430388,41.58118842007183,0.0,0.0,0.0,5.691056993653331,0.2614869115625907,0.09485094989422219
